precio,mantenimiento,nro_puertas,pasajeros,baul,seguridad,categoria
muy_alto,muy_alto,2,2,pequeno,media,inaceptable
muy_alto,muy_alto,2,2,pequeno,alta,inaceptable
muy_alto,muy_alto,2,2,mediano,baja,inaceptable
muy_alto,muy_alto,2,2,mediano,media,inaceptable
muy_alto,muy_alto,2,2,mediano,alta,inaceptable
muy_alto,muy_alto,2,2,grande,baja,inaceptable
muy_alto,muy_alto,2,2,grande,media,inaceptable
muy_alto,muy_alto,2,2,grande,alta,inaceptable
muy_alto,muy_alto,2,4,pequeno,baja,inaceptable
muy_alto,muy_alto,2,4,pequeno,media,inaceptable
muy_alto,muy_alto,2,4,pequeno,alta,inaceptable
muy_alto,muy_alto,2,4,mediano,baja,inaceptable
muy_alto,muy_alto,2,4,mediano,media,inaceptable
muy_alto,muy_alto,2,4,mediano,alta,inaceptable
muy_alto,muy_alto,2,4,grande,baja,inaceptable
muy_alto,muy_alto,2,4,grande,media,inaceptable
muy_alto,muy_alto,2,4,grande,alta,inaceptable
muy_alto,muy_alto,2,4+,pequeno,baja,inaceptable
muy_alto,muy_alto,2,4+,pequeno,media,inaceptable
muy_alto,muy_alto,2,4+,pequeno,alta,inaceptable
muy_alto,muy_alto,2,4+,mediano,baja,inaceptable
muy_alto,muy_alto,2,4+,mediano,media,inaceptable
muy_alto,muy_alto,2,4+,mediano,alta,inaceptable
muy_alto,muy_alto,2,4+,grande,baja,inaceptable
muy_alto,muy_alto,2,4+,grande,media,inaceptable
muy_alto,muy_alto,2,4+,grande,alta,inaceptable
muy_alto,muy_alto,3,2,pequeno,baja,inaceptable
muy_alto,muy_alto,3,2,pequeno,media,inaceptable
muy_alto,muy_alto,3,2,pequeno,alta,inaceptable
muy_alto,muy_alto,3,2,mediano,baja,inaceptable
muy_alto,muy_alto,3,2,mediano,media,inaceptable
muy_alto,muy_alto,3,2,mediano,alta,inaceptable
muy_alto,muy_alto,3,2,grande,baja,inaceptable
muy_alto,muy_alto,3,2,grande,media,inaceptable
muy_alto,muy_alto,3,2,grande,alta,inaceptable
muy_alto,muy_alto,3,4,pequeno,baja,inaceptable
muy_alto,muy_alto,3,4,pequeno,media,inaceptable
muy_alto,muy_alto,3,4,pequeno,alta,inaceptable
muy_alto,muy_alto,3,4,mediano,baja,inaceptable
muy_alto,muy_alto,3,4,mediano,media,inaceptable
muy_alto,muy_alto,3,4,mediano,alta,inaceptable
muy_alto,muy_alto,3,4,grande,baja,inaceptable
muy_alto,muy_alto,3,4,grande,media,inaceptable
muy_alto,muy_alto,3,4,grande,alta,inaceptable
muy_alto,muy_alto,3,4+,pequeno,baja,inaceptable
muy_alto,muy_alto,3,4+,pequeno,media,inaceptable
muy_alto,muy_alto,3,4+,pequeno,alta,inaceptable
muy_alto,muy_alto,3,4+,mediano,baja,inaceptable
muy_alto,muy_alto,3,4+,mediano,media,inaceptable
muy_alto,muy_alto,3,4+,mediano,alta,inaceptable
muy_alto,muy_alto,3,4+,grande,baja,inaceptable
muy_alto,muy_alto,3,4+,grande,media,inaceptable
muy_alto,muy_alto,3,4+,grande,alta,inaceptable
muy_alto,muy_alto,4,2,pequeno,baja,inaceptable
muy_alto,muy_alto,4,2,pequeno,media,inaceptable
muy_alto,muy_alto,4,2,pequeno,alta,inaceptable
muy_alto,muy_alto,4,2,mediano,baja,inaceptable
muy_alto,muy_alto,4,2,mediano,media,inaceptable
muy_alto,muy_alto,4,2,mediano,alta,inaceptable
muy_alto,muy_alto,4,2,grande,baja,inaceptable
muy_alto,muy_alto,4,2,grande,media,inaceptable
muy_alto,muy_alto,4,2,grande,alta,inaceptable
muy_alto,muy_alto,4,4,pequeno,baja,inaceptable
muy_alto,muy_alto,4,4,pequeno,media,inaceptable
muy_alto,muy_alto,4,4,pequeno,alta,inaceptable
muy_alto,muy_alto,4,4,mediano,baja,inaceptable
muy_alto,muy_alto,4,4,mediano,media,inaceptable
muy_alto,muy_alto,4,4,mediano,alta,inaceptable
muy_alto,muy_alto,4,4,grande,baja,inaceptable
muy_alto,muy_alto,4,4,grande,media,inaceptable
muy_alto,muy_alto,4,4,grande,alta,inaceptable
muy_alto,muy_alto,4,4+,pequeno,baja,inaceptable
muy_alto,muy_alto,4,4+,pequeno,media,inaceptable
muy_alto,muy_alto,4,4+,pequeno,alta,inaceptable
muy_alto,muy_alto,4,4+,mediano,baja,inaceptable
muy_alto,muy_alto,4,4+,mediano,media,inaceptable
muy_alto,muy_alto,4,4+,mediano,alta,inaceptable
muy_alto,muy_alto,4,4+,grande,baja,inaceptable
muy_alto,muy_alto,4,4+,grande,media,inaceptable
muy_alto,muy_alto,4,4+,grande,alta,inaceptable
muy_alto,muy_alto,5+,2,pequeno,baja,inaceptable
muy_alto,muy_alto,5+,2,pequeno,media,inaceptable
muy_alto,muy_alto,5+,2,pequeno,alta,inaceptable
muy_alto,muy_alto,5+,2,mediano,baja,inaceptable
muy_alto,muy_alto,5+,2,mediano,media,inaceptable
muy_alto,muy_alto,5+,2,mediano,alta,inaceptable
muy_alto,muy_alto,5+,2,grande,baja,inaceptable
muy_alto,muy_alto,5+,2,grande,media,inaceptable
muy_alto,muy_alto,5+,2,grande,alta,inaceptable
muy_alto,muy_alto,5+,4,pequeno,baja,inaceptable
muy_alto,muy_alto,5+,4,pequeno,media,inaceptable
muy_alto,muy_alto,5+,4,pequeno,alta,inaceptable
muy_alto,muy_alto,5+,4,mediano,baja,inaceptable
muy_alto,muy_alto,5+,4,mediano,media,inaceptable
muy_alto,muy_alto,5+,4,mediano,alta,inaceptable
muy_alto,muy_alto,5+,4,grande,baja,inaceptable
muy_alto,muy_alto,5+,4,grande,media,inaceptable
muy_alto,muy_alto,5+,4,grande,alta,inaceptable
muy_alto,muy_alto,5+,4+,pequeno,baja,inaceptable
muy_alto,muy_alto,5+,4+,pequeno,media,inaceptable
muy_alto,muy_alto,5+,4+,pequeno,alta,inaceptable
muy_alto,muy_alto,5+,4+,mediano,baja,inaceptable
muy_alto,muy_alto,5+,4+,mediano,media,inaceptable
muy_alto,muy_alto,5+,4+,mediano,alta,inaceptable
muy_alto,muy_alto,5+,4+,grande,baja,inaceptable
muy_alto,muy_alto,5+,4+,grande,media,inaceptable
muy_alto,muy_alto,5+,4+,grande,alta,inaceptable
muy_alto,alto,2,2,pequeno,baja,inaceptable
muy_alto,alto,2,2,pequeno,media,inaceptable
muy_alto,alto,2,2,pequeno,alta,inaceptable
muy_alto,alto,2,2,mediano,baja,inaceptable
muy_alto,alto,2,2,mediano,media,inaceptable
muy_alto,alto,2,2,mediano,alta,inaceptable
muy_alto,alto,2,2,grande,baja,inaceptable
muy_alto,alto,2,2,grande,media,inaceptable
muy_alto,alto,2,2,grande,alta,inaceptable
muy_alto,alto,2,4,pequeno,baja,inaceptable
muy_alto,alto,2,4,pequeno,media,inaceptable
muy_alto,alto,2,4,pequeno,alta,inaceptable
muy_alto,alto,2,4,mediano,baja,inaceptable
muy_alto,alto,2,4,mediano,media,inaceptable
muy_alto,alto,2,4,mediano,alta,inaceptable
muy_alto,alto,2,4,grande,baja,inaceptable
muy_alto,alto,2,4,grande,media,inaceptable
muy_alto,alto,2,4,grande,alta,inaceptable
muy_alto,alto,2,4+,pequeno,baja,inaceptable
muy_alto,alto,2,4+,pequeno,media,inaceptable
muy_alto,alto,2,4+,pequeno,alta,inaceptable
muy_alto,alto,2,4+,mediano,baja,inaceptable
muy_alto,alto,2,4+,mediano,media,inaceptable
muy_alto,alto,2,4+,mediano,alta,inaceptable
muy_alto,alto,2,4+,grande,baja,inaceptable
muy_alto,alto,2,4+,grande,media,inaceptable
muy_alto,alto,2,4+,grande,alta,inaceptable
muy_alto,alto,3,2,pequeno,baja,inaceptable
muy_alto,alto,3,2,pequeno,media,inaceptable
muy_alto,alto,3,2,pequeno,alta,inaceptable
muy_alto,alto,3,2,mediano,baja,inaceptable
muy_alto,alto,3,2,mediano,media,inaceptable
muy_alto,alto,3,2,mediano,alta,inaceptable
muy_alto,alto,3,2,grande,baja,inaceptable
muy_alto,alto,3,2,grande,media,inaceptable
muy_alto,alto,3,2,grande,alta,inaceptable
muy_alto,alto,3,4,pequeno,baja,inaceptable
muy_alto,alto,3,4,pequeno,media,inaceptable
muy_alto,alto,3,4,pequeno,alta,inaceptable
muy_alto,alto,3,4,mediano,baja,inaceptable
muy_alto,alto,3,4,mediano,media,inaceptable
muy_alto,alto,3,4,mediano,alta,inaceptable
muy_alto,alto,3,4,grande,baja,inaceptable
muy_alto,alto,3,4,grande,media,inaceptable
muy_alto,alto,3,4,grande,alta,inaceptable
muy_alto,alto,3,4+,pequeno,baja,inaceptable
muy_alto,alto,3,4+,pequeno,media,inaceptable
muy_alto,alto,3,4+,pequeno,alta,inaceptable
muy_alto,alto,3,4+,mediano,baja,inaceptable
muy_alto,alto,3,4+,mediano,media,inaceptable
muy_alto,alto,3,4+,mediano,alta,inaceptable
muy_alto,alto,3,4+,grande,baja,inaceptable
muy_alto,alto,3,4+,grande,media,inaceptable
muy_alto,alto,3,4+,grande,alta,inaceptable
muy_alto,alto,4,2,pequeno,baja,inaceptable
muy_alto,alto,4,2,pequeno,media,inaceptable
muy_alto,alto,4,2,pequeno,alta,inaceptable
muy_alto,alto,4,2,mediano,baja,inaceptable
muy_alto,alto,4,2,mediano,media,inaceptable
muy_alto,alto,4,2,mediano,alta,inaceptable
muy_alto,alto,4,2,grande,baja,inaceptable
muy_alto,alto,4,2,grande,media,inaceptable
muy_alto,alto,4,2,grande,alta,inaceptable
muy_alto,alto,4,4,pequeno,baja,inaceptable
muy_alto,alto,4,4,pequeno,media,inaceptable
muy_alto,alto,4,4,pequeno,alta,inaceptable
muy_alto,alto,4,4,mediano,baja,inaceptable
muy_alto,alto,4,4,mediano,media,inaceptable
muy_alto,alto,4,4,mediano,alta,inaceptable
muy_alto,alto,4,4,grande,baja,inaceptable
muy_alto,alto,4,4,grande,media,inaceptable
muy_alto,alto,4,4,grande,alta,inaceptable
muy_alto,alto,4,4+,pequeno,baja,inaceptable
muy_alto,alto,4,4+,pequeno,media,inaceptable
muy_alto,alto,4,4+,pequeno,alta,inaceptable
muy_alto,alto,4,4+,mediano,baja,inaceptable
muy_alto,alto,4,4+,mediano,media,inaceptable
muy_alto,alto,4,4+,mediano,alta,inaceptable
muy_alto,alto,4,4+,grande,baja,inaceptable
muy_alto,alto,4,4+,grande,media,inaceptable
muy_alto,alto,4,4+,grande,alta,inaceptable
muy_alto,alto,5+,2,pequeno,baja,inaceptable
muy_alto,alto,5+,2,pequeno,media,inaceptable
muy_alto,alto,5+,2,pequeno,alta,inaceptable
muy_alto,alto,5+,2,mediano,baja,inaceptable
muy_alto,alto,5+,2,mediano,media,inaceptable
muy_alto,alto,5+,2,mediano,alta,inaceptable
muy_alto,alto,5+,2,grande,baja,inaceptable
muy_alto,alto,5+,2,grande,media,inaceptable
muy_alto,alto,5+,2,grande,alta,inaceptable
muy_alto,alto,5+,4,pequeno,baja,inaceptable
muy_alto,alto,5+,4,pequeno,media,inaceptable
muy_alto,alto,5+,4,pequeno,alta,inaceptable
muy_alto,alto,5+,4,mediano,baja,inaceptable
muy_alto,alto,5+,4,mediano,media,inaceptable
muy_alto,alto,5+,4,mediano,alta,inaceptable
muy_alto,alto,5+,4,grande,baja,inaceptable
muy_alto,alto,5+,4,grande,media,inaceptable
muy_alto,alto,5+,4,grande,alta,inaceptable
muy_alto,alto,5+,4+,pequeno,baja,inaceptable
muy_alto,alto,5+,4+,pequeno,media,inaceptable
muy_alto,alto,5+,4+,pequeno,alta,inaceptable
muy_alto,alto,5+,4+,mediano,baja,inaceptable
muy_alto,alto,5+,4+,mediano,media,inaceptable
muy_alto,alto,5+,4+,mediano,alta,inaceptable
muy_alto,alto,5+,4+,grande,baja,inaceptable
muy_alto,alto,5+,4+,grande,media,inaceptable
muy_alto,alto,5+,4+,grande,alta,inaceptable
muy_alto,medio,2,2,pequeno,baja,inaceptable
muy_alto,medio,2,2,pequeno,media,inaceptable
muy_alto,medio,2,2,pequeno,alta,inaceptable
muy_alto,medio,2,2,mediano,baja,inaceptable
muy_alto,medio,2,2,mediano,media,inaceptable
muy_alto,medio,2,2,mediano,alta,inaceptable
muy_alto,medio,2,2,grande,baja,inaceptable
muy_alto,medio,2,2,grande,media,inaceptable
muy_alto,medio,2,2,grande,alta,inaceptable
muy_alto,medio,2,4,pequeno,baja,inaceptable
muy_alto,medio,2,4,pequeno,media,inaceptable
muy_alto,medio,2,4,pequeno,alta,aceptable
muy_alto,medio,2,4,mediano,baja,inaceptable
muy_alto,medio,2,4,mediano,media,inaceptable
muy_alto,medio,2,4,mediano,alta,aceptable
muy_alto,medio,2,4,grande,baja,inaceptable
muy_alto,medio,2,4,grande,media,aceptable
muy_alto,medio,2,4,grande,alta,aceptable
muy_alto,medio,2,4+,pequeno,baja,inaceptable
muy_alto,medio,2,4+,pequeno,media,inaceptable
muy_alto,medio,2,4+,pequeno,alta,inaceptable
muy_alto,medio,2,4+,mediano,baja,inaceptable
muy_alto,medio,2,4+,mediano,media,inaceptable
muy_alto,medio,2,4+,mediano,alta,aceptable
muy_alto,medio,2,4+,grande,baja,inaceptable
muy_alto,medio,2,4+,grande,media,aceptable
muy_alto,medio,2,4+,grande,alta,aceptable
muy_alto,medio,3,2,pequeno,baja,inaceptable
muy_alto,medio,3,2,pequeno,media,inaceptable
muy_alto,medio,3,2,pequeno,alta,inaceptable
muy_alto,medio,3,2,mediano,baja,inaceptable
muy_alto,medio,3,2,mediano,media,inaceptable
muy_alto,medio,3,2,mediano,alta,inaceptable
muy_alto,medio,3,2,grande,baja,inaceptable
muy_alto,medio,3,2,grande,media,inaceptable
muy_alto,medio,3,2,grande,alta,inaceptable
muy_alto,medio,3,4,pequeno,baja,inaceptable
muy_alto,medio,3,4,pequeno,media,inaceptable
muy_alto,medio,3,4,pequeno,alta,aceptable
muy_alto,medio,3,4,mediano,baja,inaceptable
muy_alto,medio,3,4,mediano,media,inaceptable
muy_alto,medio,3,4,mediano,alta,aceptable
muy_alto,medio,3,4,grande,baja,inaceptable
muy_alto,medio,3,4,grande,media,aceptable
muy_alto,medio,3,4,grande,alta,aceptable
muy_alto,medio,3,4+,pequeno,baja,inaceptable
muy_alto,medio,3,4+,pequeno,media,inaceptable
muy_alto,medio,3,4+,pequeno,alta,aceptable
muy_alto,medio,3,4+,mediano,baja,inaceptable
muy_alto,medio,3,4+,mediano,media,aceptable
muy_alto,medio,3,4+,mediano,alta,aceptable
muy_alto,medio,3,4+,grande,baja,inaceptable
muy_alto,medio,3,4+,grande,media,aceptable
muy_alto,medio,3,4+,grande,alta,aceptable
muy_alto,medio,4,2,pequeno,baja,inaceptable
muy_alto,medio,4,2,pequeno,media,inaceptable
muy_alto,medio,4,2,pequeno,alta,inaceptable
muy_alto,medio,4,2,mediano,baja,inaceptable
muy_alto,medio,4,2,mediano,media,inaceptable
muy_alto,medio,4,2,mediano,alta,inaceptable
muy_alto,medio,4,2,grande,baja,inaceptable
muy_alto,medio,4,2,grande,media,inaceptable
muy_alto,medio,4,2,grande,alta,inaceptable
muy_alto,medio,4,4,pequeno,baja,inaceptable
muy_alto,medio,4,4,pequeno,media,inaceptable
muy_alto,medio,4,4,pequeno,alta,aceptable
muy_alto,medio,4,4,mediano,baja,inaceptable
muy_alto,medio,4,4,mediano,media,aceptable
muy_alto,medio,4,4,mediano,alta,aceptable
muy_alto,medio,4,4,grande,baja,inaceptable
muy_alto,medio,4,4,grande,media,aceptable
muy_alto,medio,4,4,grande,alta,aceptable
muy_alto,medio,4,4+,pequeno,baja,inaceptable
muy_alto,medio,4,4+,pequeno,media,inaceptable
muy_alto,medio,4,4+,pequeno,alta,aceptable
muy_alto,medio,4,4+,mediano,baja,inaceptable
muy_alto,medio,4,4+,mediano,media,aceptable
muy_alto,medio,4,4+,mediano,alta,aceptable
muy_alto,medio,4,4+,grande,baja,inaceptable
muy_alto,medio,4,4+,grande,media,aceptable
muy_alto,medio,4,4+,grande,alta,aceptable
muy_alto,medio,5+,2,pequeno,baja,inaceptable
muy_alto,medio,5+,2,pequeno,media,inaceptable
muy_alto,medio,5+,2,pequeno,alta,inaceptable
muy_alto,medio,5+,2,mediano,baja,inaceptable
muy_alto,medio,5+,2,mediano,media,inaceptable
muy_alto,medio,5+,2,mediano,alta,inaceptable
muy_alto,medio,5+,2,grande,baja,inaceptable
muy_alto,medio,5+,2,grande,media,inaceptable
muy_alto,medio,5+,2,grande,alta,inaceptable
muy_alto,medio,5+,4,pequeno,baja,inaceptable
muy_alto,medio,5+,4,pequeno,media,inaceptable
muy_alto,medio,5+,4,pequeno,alta,aceptable
muy_alto,medio,5+,4,mediano,baja,inaceptable
muy_alto,medio,5+,4,mediano,media,aceptable
muy_alto,medio,5+,4,mediano,alta,aceptable
muy_alto,medio,5+,4,grande,baja,inaceptable
muy_alto,medio,5+,4,grande,media,aceptable
muy_alto,medio,5+,4,grande,alta,aceptable
muy_alto,medio,5+,4+,pequeno,baja,inaceptable
muy_alto,medio,5+,4+,pequeno,media,inaceptable
muy_alto,medio,5+,4+,pequeno,alta,aceptable
muy_alto,medio,5+,4+,mediano,baja,inaceptable
muy_alto,medio,5+,4+,mediano,media,aceptable
muy_alto,medio,5+,4+,mediano,alta,aceptable
muy_alto,medio,5+,4+,grande,baja,inaceptable
muy_alto,medio,5+,4+,grande,media,aceptable
muy_alto,medio,5+,4+,grande,alta,aceptable
muy_alto,bajo,2,2,pequeno,baja,inaceptable
muy_alto,bajo,2,2,pequeno,media,inaceptable
muy_alto,bajo,2,2,pequeno,alta,inaceptable
muy_alto,bajo,2,2,mediano,baja,inaceptable
muy_alto,bajo,2,2,mediano,media,inaceptable
muy_alto,bajo,2,2,mediano,alta,inaceptable
muy_alto,bajo,2,2,grande,baja,inaceptable
muy_alto,bajo,2,2,grande,media,inaceptable
muy_alto,bajo,2,2,grande,alta,inaceptable
muy_alto,bajo,2,4,pequeno,baja,inaceptable
muy_alto,bajo,2,4,pequeno,media,inaceptable
muy_alto,bajo,2,4,pequeno,alta,aceptable
muy_alto,bajo,2,4,mediano,baja,inaceptable
muy_alto,bajo,2,4,mediano,media,inaceptable
muy_alto,bajo,2,4,mediano,alta,aceptable
muy_alto,bajo,2,4,grande,baja,inaceptable
muy_alto,bajo,2,4,grande,media,aceptable
muy_alto,bajo,2,4,grande,alta,aceptable
muy_alto,bajo,2,4+,pequeno,baja,inaceptable
muy_alto,bajo,2,4+,pequeno,media,inaceptable
muy_alto,bajo,2,4+,pequeno,alta,inaceptable
muy_alto,bajo,2,4+,mediano,baja,inaceptable
muy_alto,bajo,2,4+,mediano,media,inaceptable
muy_alto,bajo,2,4+,mediano,alta,aceptable
muy_alto,bajo,2,4+,grande,baja,inaceptable
muy_alto,bajo,2,4+,grande,media,aceptable
muy_alto,bajo,2,4+,grande,alta,aceptable
muy_alto,bajo,3,2,pequeno,baja,inaceptable
muy_alto,bajo,3,2,pequeno,media,inaceptable
muy_alto,bajo,3,2,pequeno,alta,inaceptable
muy_alto,bajo,3,2,mediano,baja,inaceptable
muy_alto,bajo,3,2,mediano,media,inaceptable
muy_alto,bajo,3,2,mediano,alta,inaceptable
muy_alto,bajo,3,2,grande,baja,inaceptable
muy_alto,bajo,3,2,grande,media,inaceptable
muy_alto,bajo,3,2,grande,alta,inaceptable
muy_alto,bajo,3,4,pequeno,baja,inaceptable
muy_alto,bajo,3,4,pequeno,media,inaceptable
muy_alto,bajo,3,4,pequeno,alta,aceptable
muy_alto,bajo,3,4,mediano,baja,inaceptable
muy_alto,bajo,3,4,mediano,media,inaceptable
muy_alto,bajo,3,4,mediano,alta,aceptable
muy_alto,bajo,3,4,grande,baja,inaceptable
muy_alto,bajo,3,4,grande,media,aceptable
muy_alto,bajo,3,4,grande,alta,aceptable
muy_alto,bajo,3,4+,pequeno,baja,inaceptable
muy_alto,bajo,3,4+,pequeno,media,inaceptable
muy_alto,bajo,3,4+,pequeno,alta,aceptable
muy_alto,bajo,3,4+,mediano,baja,inaceptable
muy_alto,bajo,3,4+,mediano,media,aceptable
muy_alto,bajo,3,4+,mediano,alta,aceptable
muy_alto,bajo,3,4+,grande,baja,inaceptable
muy_alto,bajo,3,4+,grande,media,aceptable
muy_alto,bajo,3,4+,grande,alta,aceptable
muy_alto,bajo,4,2,pequeno,baja,inaceptable
muy_alto,bajo,4,2,pequeno,media,inaceptable
muy_alto,bajo,4,2,pequeno,alta,inaceptable
muy_alto,bajo,4,2,mediano,baja,inaceptable
muy_alto,bajo,4,2,mediano,media,inaceptable
muy_alto,bajo,4,2,mediano,alta,inaceptable
muy_alto,bajo,4,2,grande,baja,inaceptable
muy_alto,bajo,4,2,grande,media,inaceptable
muy_alto,bajo,4,2,grande,alta,inaceptable
muy_alto,bajo,4,4,pequeno,baja,inaceptable
muy_alto,bajo,4,4,pequeno,media,inaceptable
muy_alto,bajo,4,4,pequeno,alta,aceptable
muy_alto,bajo,4,4,mediano,baja,inaceptable
muy_alto,bajo,4,4,mediano,media,aceptable
muy_alto,bajo,4,4,mediano,alta,aceptable
muy_alto,bajo,4,4,grande,baja,inaceptable
muy_alto,bajo,4,4,grande,media,aceptable
muy_alto,bajo,4,4,grande,alta,aceptable
muy_alto,bajo,4,4+,pequeno,baja,inaceptable
muy_alto,bajo,4,4+,pequeno,media,inaceptable
muy_alto,bajo,4,4+,pequeno,alta,aceptable
muy_alto,bajo,4,4+,mediano,baja,inaceptable
muy_alto,bajo,4,4+,mediano,media,aceptable
muy_alto,bajo,4,4+,mediano,alta,aceptable
muy_alto,bajo,4,4+,grande,baja,inaceptable
muy_alto,bajo,4,4+,grande,media,aceptable
muy_alto,bajo,4,4+,grande,alta,aceptable
muy_alto,bajo,5+,2,pequeno,baja,inaceptable
muy_alto,bajo,5+,2,pequeno,media,inaceptable
muy_alto,bajo,5+,2,pequeno,alta,inaceptable
muy_alto,bajo,5+,2,mediano,baja,inaceptable
muy_alto,bajo,5+,2,mediano,media,inaceptable
muy_alto,bajo,5+,2,mediano,alta,inaceptable
muy_alto,bajo,5+,2,grande,baja,inaceptable
muy_alto,bajo,5+,2,grande,media,inaceptable
muy_alto,bajo,5+,2,grande,alta,inaceptable
muy_alto,bajo,5+,4,pequeno,baja,inaceptable
muy_alto,bajo,5+,4,pequeno,media,inaceptable
muy_alto,bajo,5+,4,pequeno,alta,aceptable
muy_alto,bajo,5+,4,mediano,baja,inaceptable
muy_alto,bajo,5+,4,mediano,media,aceptable
muy_alto,bajo,5+,4,mediano,alta,aceptable
muy_alto,bajo,5+,4,grande,baja,inaceptable
muy_alto,bajo,5+,4,grande,media,aceptable
muy_alto,bajo,5+,4,grande,alta,aceptable
muy_alto,bajo,5+,4+,pequeno,baja,inaceptable
muy_alto,bajo,5+,4+,pequeno,media,inaceptable
muy_alto,bajo,5+,4+,pequeno,alta,aceptable
muy_alto,bajo,5+,4+,mediano,baja,inaceptable
muy_alto,bajo,5+,4+,mediano,media,aceptable
muy_alto,bajo,5+,4+,mediano,alta,aceptable
muy_alto,bajo,5+,4+,grande,baja,inaceptable
muy_alto,bajo,5+,4+,grande,media,aceptable
muy_alto,bajo,5+,4+,grande,alta,aceptable
alto,muy_alto,2,2,pequeno,baja,inaceptable
alto,muy_alto,2,2,pequeno,media,inaceptable
alto,muy_alto,2,2,pequeno,alta,inaceptable
alto,muy_alto,2,2,mediano,baja,inaceptable
alto,muy_alto,2,2,mediano,media,inaceptable
alto,muy_alto,2,2,mediano,alta,inaceptable
alto,muy_alto,2,2,grande,baja,inaceptable
alto,muy_alto,2,2,grande,media,inaceptable
alto,muy_alto,2,2,grande,alta,inaceptable
alto,muy_alto,2,4,pequeno,baja,inaceptable
alto,muy_alto,2,4,pequeno,media,inaceptable
alto,muy_alto,2,4,pequeno,alta,inaceptable
alto,muy_alto,2,4,mediano,baja,inaceptable
alto,muy_alto,2,4,mediano,media,inaceptable
alto,muy_alto,2,4,mediano,alta,inaceptable
alto,muy_alto,2,4,grande,baja,inaceptable
alto,muy_alto,2,4,grande,media,inaceptable
alto,muy_alto,2,4,grande,alta,inaceptable
alto,muy_alto,2,4+,pequeno,baja,inaceptable
alto,muy_alto,2,4+,pequeno,media,inaceptable
alto,muy_alto,2,4+,pequeno,alta,inaceptable
alto,muy_alto,2,4+,mediano,baja,inaceptable
alto,muy_alto,2,4+,mediano,media,inaceptable
alto,muy_alto,2,4+,mediano,alta,inaceptable
alto,muy_alto,2,4+,grande,baja,inaceptable
alto,muy_alto,2,4+,grande,media,inaceptable
alto,muy_alto,2,4+,grande,alta,inaceptable
alto,muy_alto,3,2,pequeno,baja,inaceptable
alto,muy_alto,3,2,pequeno,media,inaceptable
alto,muy_alto,3,2,pequeno,alta,inaceptable
alto,muy_alto,3,2,mediano,baja,inaceptable
alto,muy_alto,3,2,mediano,media,inaceptable
alto,muy_alto,3,2,mediano,alta,inaceptable
alto,muy_alto,3,2,grande,baja,inaceptable
alto,muy_alto,3,2,grande,media,inaceptable
alto,muy_alto,3,2,grande,alta,inaceptable
alto,muy_alto,3,4,pequeno,baja,inaceptable
alto,muy_alto,3,4,pequeno,media,inaceptable
alto,muy_alto,3,4,pequeno,alta,inaceptable
alto,muy_alto,3,4,mediano,baja,inaceptable
alto,muy_alto,3,4,mediano,media,inaceptable
alto,muy_alto,3,4,mediano,alta,inaceptable
alto,muy_alto,3,4,grande,baja,inaceptable
alto,muy_alto,3,4,grande,media,inaceptable
alto,muy_alto,3,4,grande,alta,inaceptable
alto,muy_alto,3,4+,pequeno,baja,inaceptable
alto,muy_alto,3,4+,pequeno,media,inaceptable
alto,muy_alto,3,4+,pequeno,alta,inaceptable
alto,muy_alto,3,4+,mediano,baja,inaceptable
alto,muy_alto,3,4+,mediano,media,inaceptable
alto,muy_alto,3,4+,mediano,alta,inaceptable
alto,muy_alto,3,4+,grande,baja,inaceptable
alto,muy_alto,3,4+,grande,media,inaceptable
alto,muy_alto,3,4+,grande,alta,inaceptable
alto,muy_alto,4,2,pequeno,baja,inaceptable
alto,muy_alto,4,2,pequeno,media,inaceptable
alto,muy_alto,4,2,pequeno,alta,inaceptable
alto,muy_alto,4,2,mediano,baja,inaceptable
alto,muy_alto,4,2,mediano,media,inaceptable
alto,muy_alto,4,2,mediano,alta,inaceptable
alto,muy_alto,4,2,grande,baja,inaceptable
alto,muy_alto,4,2,grande,media,inaceptable
alto,muy_alto,4,2,grande,alta,inaceptable
alto,muy_alto,4,4,pequeno,baja,inaceptable
alto,muy_alto,4,4,pequeno,media,inaceptable
alto,muy_alto,4,4,pequeno,alta,inaceptable
alto,muy_alto,4,4,mediano,baja,inaceptable
alto,muy_alto,4,4,mediano,media,inaceptable
alto,muy_alto,4,4,mediano,alta,inaceptable
alto,muy_alto,4,4,grande,baja,inaceptable
alto,muy_alto,4,4,grande,media,inaceptable
alto,muy_alto,4,4,grande,alta,inaceptable
alto,muy_alto,4,4+,pequeno,baja,inaceptable
alto,muy_alto,4,4+,pequeno,media,inaceptable
alto,muy_alto,4,4+,pequeno,alta,inaceptable
alto,muy_alto,4,4+,mediano,baja,inaceptable
alto,muy_alto,4,4+,mediano,media,inaceptable
alto,muy_alto,4,4+,mediano,alta,inaceptable
alto,muy_alto,4,4+,grande,baja,inaceptable
alto,muy_alto,4,4+,grande,media,inaceptable
alto,muy_alto,4,4+,grande,alta,inaceptable
alto,muy_alto,5+,2,pequeno,baja,inaceptable
alto,muy_alto,5+,2,pequeno,media,inaceptable
alto,muy_alto,5+,2,pequeno,alta,inaceptable
alto,muy_alto,5+,2,mediano,baja,inaceptable
alto,muy_alto,5+,2,mediano,media,inaceptable
alto,muy_alto,5+,2,mediano,alta,inaceptable
alto,muy_alto,5+,2,grande,baja,inaceptable
alto,muy_alto,5+,2,grande,media,inaceptable
alto,muy_alto,5+,2,grande,alta,inaceptable
alto,muy_alto,5+,4,pequeno,baja,inaceptable
alto,muy_alto,5+,4,pequeno,media,inaceptable
alto,muy_alto,5+,4,pequeno,alta,inaceptable
alto,muy_alto,5+,4,mediano,baja,inaceptable
alto,muy_alto,5+,4,mediano,media,inaceptable
alto,muy_alto,5+,4,mediano,alta,inaceptable
alto,muy_alto,5+,4,grande,baja,inaceptable
alto,muy_alto,5+,4,grande,media,inaceptable
alto,muy_alto,5+,4,grande,alta,inaceptable
alto,muy_alto,5+,4+,pequeno,baja,inaceptable
alto,muy_alto,5+,4+,pequeno,media,inaceptable
alto,muy_alto,5+,4+,pequeno,alta,inaceptable
alto,muy_alto,5+,4+,mediano,baja,inaceptable
alto,muy_alto,5+,4+,mediano,media,inaceptable
alto,muy_alto,5+,4+,mediano,alta,inaceptable
alto,muy_alto,5+,4+,grande,baja,inaceptable
alto,muy_alto,5+,4+,grande,media,inaceptable
alto,muy_alto,5+,4+,grande,alta,inaceptable
alto,alto,2,2,pequeno,baja,inaceptable
alto,alto,2,2,pequeno,media,inaceptable
alto,alto,2,2,pequeno,alta,inaceptable
alto,alto,2,2,mediano,baja,inaceptable
alto,alto,2,2,mediano,media,inaceptable
alto,alto,2,2,mediano,alta,inaceptable
alto,alto,2,2,grande,baja,inaceptable
alto,alto,2,2,grande,media,inaceptable
alto,alto,2,2,grande,alta,inaceptable
alto,alto,2,4,pequeno,baja,inaceptable
alto,alto,2,4,pequeno,media,inaceptable
alto,alto,2,4,pequeno,alta,aceptable
alto,alto,2,4,mediano,baja,inaceptable
alto,alto,2,4,mediano,media,inaceptable
alto,alto,2,4,mediano,alta,aceptable
alto,alto,2,4,grande,baja,inaceptable
alto,alto,2,4,grande,media,aceptable
alto,alto,2,4,grande,alta,aceptable
alto,alto,2,4+,pequeno,baja,inaceptable
alto,alto,2,4+,pequeno,media,inaceptable
alto,alto,2,4+,pequeno,alta,inaceptable
alto,alto,2,4+,mediano,baja,inaceptable
alto,alto,2,4+,mediano,media,inaceptable
alto,alto,2,4+,mediano,alta,aceptable
alto,alto,2,4+,grande,baja,inaceptable
alto,alto,2,4+,grande,media,aceptable
alto,alto,2,4+,grande,alta,aceptable
alto,alto,3,2,pequeno,baja,inaceptable
alto,alto,3,2,pequeno,media,inaceptable
alto,alto,3,2,pequeno,alta,inaceptable
alto,alto,3,2,mediano,baja,inaceptable
alto,alto,3,2,mediano,media,inaceptable
alto,alto,3,2,mediano,alta,inaceptable
alto,alto,3,2,grande,baja,inaceptable
alto,alto,3,2,grande,media,inaceptable
alto,alto,3,2,grande,alta,inaceptable
alto,alto,3,4,pequeno,baja,inaceptable
alto,alto,3,4,pequeno,media,inaceptable
alto,alto,3,4,pequeno,alta,aceptable
alto,alto,3,4,mediano,baja,inaceptable
alto,alto,3,4,mediano,media,inaceptable
alto,alto,3,4,mediano,alta,aceptable
alto,alto,3,4,grande,baja,inaceptable
alto,alto,3,4,grande,media,aceptable
alto,alto,3,4,grande,alta,aceptable
alto,alto,3,4+,pequeno,baja,inaceptable
alto,alto,3,4+,pequeno,media,inaceptable
alto,alto,3,4+,pequeno,alta,aceptable
alto,alto,3,4+,mediano,baja,inaceptable
alto,alto,3,4+,mediano,media,aceptable
alto,alto,3,4+,mediano,alta,aceptable
alto,alto,3,4+,grande,baja,inaceptable
alto,alto,3,4+,grande,media,aceptable
alto,alto,3,4+,grande,alta,aceptable
alto,alto,4,2,pequeno,baja,inaceptable
alto,alto,4,2,pequeno,media,inaceptable
alto,alto,4,2,pequeno,alta,inaceptable
alto,alto,4,2,mediano,baja,inaceptable
alto,alto,4,2,mediano,media,inaceptable
alto,alto,4,2,mediano,alta,inaceptable
alto,alto,4,2,grande,baja,inaceptable
alto,alto,4,2,grande,media,inaceptable
alto,alto,4,2,grande,alta,inaceptable
alto,alto,4,4,pequeno,baja,inaceptable
alto,alto,4,4,pequeno,media,inaceptable
alto,alto,4,4,pequeno,alta,aceptable
alto,alto,4,4,mediano,baja,inaceptable
alto,alto,4,4,mediano,media,aceptable
alto,alto,4,4,mediano,alta,aceptable
alto,alto,4,4,grande,baja,inaceptable
alto,alto,4,4,grande,media,aceptable
alto,alto,4,4,grande,alta,aceptable
alto,alto,4,4+,pequeno,baja,inaceptable
alto,alto,4,4+,pequeno,media,inaceptable
alto,alto,4,4+,pequeno,alta,aceptable
alto,alto,4,4+,mediano,baja,inaceptable
alto,alto,4,4+,mediano,media,aceptable
alto,alto,4,4+,mediano,alta,aceptable
alto,alto,4,4+,grande,baja,inaceptable
alto,alto,4,4+,grande,media,aceptable
alto,alto,4,4+,grande,alta,aceptable
alto,alto,5+,2,pequeno,baja,inaceptable
alto,alto,5+,2,pequeno,media,inaceptable
alto,alto,5+,2,pequeno,alta,inaceptable
alto,alto,5+,2,mediano,baja,inaceptable
alto,alto,5+,2,mediano,media,inaceptable
alto,alto,5+,2,mediano,alta,inaceptable
alto,alto,5+,2,grande,baja,inaceptable
alto,alto,5+,2,grande,media,inaceptable
alto,alto,5+,2,grande,alta,inaceptable
alto,alto,5+,4,pequeno,baja,inaceptable
alto,alto,5+,4,pequeno,media,inaceptable
alto,alto,5+,4,pequeno,alta,aceptable
alto,alto,5+,4,mediano,baja,inaceptable
alto,alto,5+,4,mediano,media,aceptable
alto,alto,5+,4,mediano,alta,aceptable
alto,alto,5+,4,grande,baja,inaceptable
alto,alto,5+,4,grande,media,aceptable
alto,alto,5+,4,grande,alta,aceptable
alto,alto,5+,4+,pequeno,baja,inaceptable
alto,alto,5+,4+,pequeno,media,inaceptable
alto,alto,5+,4+,pequeno,alta,aceptable
alto,alto,5+,4+,mediano,baja,inaceptable
alto,alto,5+,4+,mediano,media,aceptable
alto,alto,5+,4+,mediano,alta,aceptable
alto,alto,5+,4+,grande,baja,inaceptable
alto,alto,5+,4+,grande,media,aceptable
alto,alto,5+,4+,grande,alta,aceptable
alto,medio,2,2,pequeno,baja,inaceptable
alto,medio,2,2,pequeno,media,inaceptable
alto,medio,2,2,pequeno,alta,inaceptable
alto,medio,2,2,mediano,baja,inaceptable
alto,medio,2,2,mediano,media,inaceptable
alto,medio,2,2,mediano,alta,inaceptable
alto,medio,2,2,grande,baja,inaceptable
alto,medio,2,2,grande,media,inaceptable
alto,medio,2,2,grande,alta,inaceptable
alto,medio,2,4,pequeno,baja,inaceptable
alto,medio,2,4,pequeno,media,inaceptable
alto,medio,2,4,pequeno,alta,aceptable
alto,medio,2,4,mediano,baja,inaceptable
alto,medio,2,4,mediano,media,inaceptable
alto,medio,2,4,mediano,alta,aceptable
alto,medio,2,4,grande,baja,inaceptable
alto,medio,2,4,grande,media,aceptable
alto,medio,2,4,grande,alta,aceptable
alto,medio,2,4+,pequeno,baja,inaceptable
alto,medio,2,4+,pequeno,media,inaceptable
alto,medio,2,4+,pequeno,alta,inaceptable
alto,medio,2,4+,mediano,baja,inaceptable
alto,medio,2,4+,mediano,media,inaceptable
alto,medio,2,4+,mediano,alta,aceptable
alto,medio,2,4+,grande,baja,inaceptable
alto,medio,2,4+,grande,media,aceptable
alto,medio,2,4+,grande,alta,aceptable
alto,medio,3,2,pequeno,baja,inaceptable
alto,medio,3,2,pequeno,media,inaceptable
alto,medio,3,2,pequeno,alta,inaceptable
alto,medio,3,2,mediano,baja,inaceptable
alto,medio,3,2,mediano,media,inaceptable
alto,medio,3,2,mediano,alta,inaceptable
alto,medio,3,2,grande,baja,inaceptable
alto,medio,3,2,grande,media,inaceptable
alto,medio,3,2,grande,alta,inaceptable
alto,medio,3,4,pequeno,baja,inaceptable
alto,medio,3,4,pequeno,media,inaceptable
alto,medio,3,4,pequeno,alta,aceptable
alto,medio,3,4,mediano,baja,inaceptable
alto,medio,3,4,mediano,media,inaceptable
alto,medio,3,4,mediano,alta,aceptable
alto,medio,3,4,grande,baja,inaceptable
alto,medio,3,4,grande,media,aceptable
alto,medio,3,4,grande,alta,aceptable
alto,medio,3,4+,pequeno,baja,inaceptable
alto,medio,3,4+,pequeno,media,inaceptable
alto,medio,3,4+,pequeno,alta,aceptable
alto,medio,3,4+,mediano,baja,inaceptable
alto,medio,3,4+,mediano,media,aceptable
alto,medio,3,4+,mediano,alta,aceptable
alto,medio,3,4+,grande,baja,inaceptable
alto,medio,3,4+,grande,media,aceptable
alto,medio,3,4+,grande,alta,aceptable
alto,medio,4,2,pequeno,baja,inaceptable
alto,medio,4,2,pequeno,media,inaceptable
alto,medio,4,2,pequeno,alta,inaceptable
alto,medio,4,2,mediano,baja,inaceptable
alto,medio,4,2,mediano,media,inaceptable
alto,medio,4,2,mediano,alta,inaceptable
alto,medio,4,2,grande,baja,inaceptable
alto,medio,4,2,grande,media,inaceptable
alto,medio,4,2,grande,alta,inaceptable
alto,medio,4,4,pequeno,baja,inaceptable
alto,medio,4,4,pequeno,media,inaceptable
alto,medio,4,4,pequeno,alta,aceptable
alto,medio,4,4,mediano,baja,inaceptable
alto,medio,4,4,mediano,media,aceptable
alto,medio,4,4,mediano,alta,aceptable
alto,medio,4,4,grande,baja,inaceptable
alto,medio,4,4,grande,media,aceptable
alto,medio,4,4,grande,alta,aceptable
alto,medio,4,4+,pequeno,baja,inaceptable
alto,medio,4,4+,pequeno,media,inaceptable
alto,medio,4,4+,pequeno,alta,aceptable
alto,medio,4,4+,mediano,baja,inaceptable
alto,medio,4,4+,mediano,media,aceptable
alto,medio,4,4+,mediano,alta,aceptable
alto,medio,4,4+,grande,baja,inaceptable
alto,medio,4,4+,grande,media,aceptable
alto,medio,4,4+,grande,alta,aceptable
alto,medio,5+,2,pequeno,baja,inaceptable
alto,medio,5+,2,pequeno,media,inaceptable
alto,medio,5+,2,pequeno,alta,inaceptable
alto,medio,5+,2,mediano,baja,inaceptable
alto,medio,5+,2,mediano,media,inaceptable
alto,medio,5+,2,mediano,alta,inaceptable
alto,medio,5+,2,grande,baja,inaceptable
alto,medio,5+,2,grande,media,inaceptable
alto,medio,5+,2,grande,alta,inaceptable
alto,medio,5+,4,pequeno,baja,inaceptable
alto,medio,5+,4,pequeno,media,inaceptable
alto,medio,5+,4,pequeno,alta,aceptable
alto,medio,5+,4,mediano,baja,inaceptable
alto,medio,5+,4,mediano,media,aceptable
alto,medio,5+,4,mediano,alta,aceptable
alto,medio,5+,4,grande,baja,inaceptable
alto,medio,5+,4,grande,media,aceptable
alto,medio,5+,4,grande,alta,aceptable
alto,medio,5+,4+,pequeno,baja,inaceptable
alto,medio,5+,4+,pequeno,media,inaceptable
alto,medio,5+,4+,pequeno,alta,aceptable
alto,medio,5+,4+,mediano,baja,inaceptable
alto,medio,5+,4+,mediano,media,aceptable
alto,medio,5+,4+,mediano,alta,aceptable
alto,medio,5+,4+,grande,baja,inaceptable
alto,medio,5+,4+,grande,media,aceptable
alto,medio,5+,4+,grande,alta,aceptable
alto,bajo,2,2,pequeno,baja,inaceptable
alto,bajo,2,2,pequeno,media,inaceptable
alto,bajo,2,2,pequeno,alta,inaceptable
alto,bajo,2,2,mediano,baja,inaceptable
alto,bajo,2,2,mediano,media,inaceptable
alto,bajo,2,2,mediano,alta,inaceptable
alto,bajo,2,2,grande,baja,inaceptable
alto,bajo,2,2,grande,media,inaceptable
alto,bajo,2,2,grande,alta,inaceptable
alto,bajo,2,4,pequeno,baja,inaceptable
alto,bajo,2,4,pequeno,media,inaceptable
alto,bajo,2,4,pequeno,alta,aceptable
alto,bajo,2,4,mediano,baja,inaceptable
alto,bajo,2,4,mediano,media,inaceptable
alto,bajo,2,4,mediano,alta,aceptable
alto,bajo,2,4,grande,baja,inaceptable
alto,bajo,2,4,grande,media,aceptable
alto,bajo,2,4,grande,alta,aceptable
alto,bajo,2,4+,pequeno,baja,inaceptable
alto,bajo,2,4+,pequeno,media,inaceptable
alto,bajo,2,4+,pequeno,alta,inaceptable
alto,bajo,2,4+,mediano,baja,inaceptable
alto,bajo,2,4+,mediano,media,inaceptable
alto,bajo,2,4+,mediano,alta,aceptable
alto,bajo,2,4+,grande,baja,inaceptable
alto,bajo,2,4+,grande,media,aceptable
alto,bajo,2,4+,grande,alta,aceptable
alto,bajo,3,2,pequeno,baja,inaceptable
alto,bajo,3,2,pequeno,media,inaceptable
alto,bajo,3,2,pequeno,alta,inaceptable
alto,bajo,3,2,mediano,baja,inaceptable
alto,bajo,3,2,mediano,media,inaceptable
alto,bajo,3,2,mediano,alta,inaceptable
alto,bajo,3,2,grande,baja,inaceptable
alto,bajo,3,2,grande,media,inaceptable
alto,bajo,3,2,grande,alta,inaceptable
alto,bajo,3,4,pequeno,baja,inaceptable
alto,bajo,3,4,pequeno,media,inaceptable
alto,bajo,3,4,pequeno,alta,aceptable
alto,bajo,3,4,mediano,baja,inaceptable
alto,bajo,3,4,mediano,media,inaceptable
alto,bajo,3,4,mediano,alta,aceptable
alto,bajo,3,4,grande,baja,inaceptable
alto,bajo,3,4,grande,media,aceptable
alto,bajo,3,4,grande,alta,aceptable
alto,bajo,3,4+,pequeno,baja,inaceptable
alto,bajo,3,4+,pequeno,media,inaceptable
alto,bajo,3,4+,pequeno,alta,aceptable
alto,bajo,3,4+,mediano,baja,inaceptable
alto,bajo,3,4+,mediano,media,aceptable
alto,bajo,3,4+,mediano,alta,aceptable
alto,bajo,3,4+,grande,baja,inaceptable
alto,bajo,3,4+,grande,media,aceptable
alto,bajo,3,4+,grande,alta,aceptable
alto,bajo,4,2,pequeno,baja,inaceptable
alto,bajo,4,2,pequeno,media,inaceptable
alto,bajo,4,2,pequeno,alta,inaceptable
alto,bajo,4,2,mediano,baja,inaceptable
alto,bajo,4,2,mediano,media,inaceptable
alto,bajo,4,2,mediano,alta,inaceptable
alto,bajo,4,2,grande,baja,inaceptable
alto,bajo,4,2,grande,media,inaceptable
alto,bajo,4,2,grande,alta,inaceptable
alto,bajo,4,4,pequeno,baja,inaceptable
alto,bajo,4,4,pequeno,media,inaceptable
alto,bajo,4,4,pequeno,alta,aceptable
alto,bajo,4,4,mediano,baja,inaceptable
alto,bajo,4,4,mediano,media,aceptable
alto,bajo,4,4,mediano,alta,aceptable
alto,bajo,4,4,grande,baja,inaceptable
alto,bajo,4,4,grande,media,aceptable
alto,bajo,4,4,grande,alta,aceptable
alto,bajo,4,4+,pequeno,baja,inaceptable
alto,bajo,4,4+,pequeno,media,inaceptable
alto,bajo,4,4+,pequeno,alta,aceptable
alto,bajo,4,4+,mediano,baja,inaceptable
alto,bajo,4,4+,mediano,media,aceptable
alto,bajo,4,4+,mediano,alta,aceptable
alto,bajo,4,4+,grande,baja,inaceptable
alto,bajo,4,4+,grande,media,aceptable
alto,bajo,4,4+,grande,alta,aceptable
alto,bajo,5+,2,pequeno,baja,inaceptable
alto,bajo,5+,2,pequeno,media,inaceptable
alto,bajo,5+,2,pequeno,alta,inaceptable
alto,bajo,5+,2,mediano,baja,inaceptable
alto,bajo,5+,2,mediano,media,inaceptable
alto,bajo,5+,2,mediano,alta,inaceptable
alto,bajo,5+,2,grande,baja,inaceptable
alto,bajo,5+,2,grande,media,inaceptable
alto,bajo,5+,2,grande,alta,inaceptable
alto,bajo,5+,4,pequeno,baja,inaceptable
alto,bajo,5+,4,pequeno,media,inaceptable
alto,bajo,5+,4,pequeno,alta,aceptable
alto,bajo,5+,4,mediano,baja,inaceptable
alto,bajo,5+,4,mediano,media,aceptable
alto,bajo,5+,4,mediano,alta,aceptable
alto,bajo,5+,4,grande,baja,inaceptable
alto,bajo,5+,4,grande,media,aceptable
alto,bajo,5+,4,grande,alta,aceptable
alto,bajo,5+,4+,pequeno,baja,inaceptable
alto,bajo,5+,4+,pequeno,media,inaceptable
alto,bajo,5+,4+,pequeno,alta,aceptable
alto,bajo,5+,4+,mediano,baja,inaceptable
alto,bajo,5+,4+,mediano,media,aceptable
alto,bajo,5+,4+,mediano,alta,aceptable
alto,bajo,5+,4+,grande,baja,inaceptable
alto,bajo,5+,4+,grande,media,aceptable
alto,bajo,5+,4+,grande,alta,aceptable
medio,muy_alto,2,2,pequeno,baja,inaceptable
medio,muy_alto,2,2,pequeno,media,inaceptable
medio,muy_alto,2,2,pequeno,alta,inaceptable
medio,muy_alto,2,2,mediano,baja,inaceptable
medio,muy_alto,2,2,mediano,media,inaceptable
medio,muy_alto,2,2,mediano,alta,inaceptable
medio,muy_alto,2,2,grande,baja,inaceptable
medio,muy_alto,2,2,grande,media,inaceptable
medio,muy_alto,2,2,grande,alta,inaceptable
medio,muy_alto,2,4,pequeno,baja,inaceptable
medio,muy_alto,2,4,pequeno,media,inaceptable
medio,muy_alto,2,4,pequeno,alta,aceptable
medio,muy_alto,2,4,mediano,baja,inaceptable
medio,muy_alto,2,4,mediano,media,inaceptable
medio,muy_alto,2,4,mediano,alta,aceptable
medio,muy_alto,2,4,grande,baja,inaceptable
medio,muy_alto,2,4,grande,media,aceptable
medio,muy_alto,2,4,grande,alta,aceptable
medio,muy_alto,2,4+,pequeno,baja,inaceptable
medio,muy_alto,2,4+,pequeno,media,inaceptable
medio,muy_alto,2,4+,pequeno,alta,inaceptable
medio,muy_alto,2,4+,mediano,baja,inaceptable
medio,muy_alto,2,4+,mediano,media,inaceptable
medio,muy_alto,2,4+,mediano,alta,aceptable
medio,muy_alto,2,4+,grande,baja,inaceptable
medio,muy_alto,2,4+,grande,media,aceptable
medio,muy_alto,2,4+,grande,alta,aceptable
medio,muy_alto,3,2,pequeno,baja,inaceptable
medio,muy_alto,3,2,pequeno,media,inaceptable
medio,muy_alto,3,2,pequeno,alta,inaceptable
medio,muy_alto,3,2,mediano,baja,inaceptable
medio,muy_alto,3,2,mediano,media,inaceptable
medio,muy_alto,3,2,mediano,alta,inaceptable
medio,muy_alto,3,2,grande,baja,inaceptable
medio,muy_alto,3,2,grande,media,inaceptable
medio,muy_alto,3,2,grande,alta,inaceptable
medio,muy_alto,3,4,pequeno,baja,inaceptable
medio,muy_alto,3,4,pequeno,media,inaceptable
medio,muy_alto,3,4,pequeno,alta,aceptable
medio,muy_alto,3,4,mediano,baja,inaceptable
medio,muy_alto,3,4,mediano,media,inaceptable
medio,muy_alto,3,4,mediano,alta,aceptable
medio,muy_alto,3,4,grande,baja,inaceptable
medio,muy_alto,3,4,grande,media,aceptable
medio,muy_alto,3,4,grande,alta,aceptable
medio,muy_alto,3,4+,pequeno,baja,inaceptable
medio,muy_alto,3,4+,pequeno,media,inaceptable
medio,muy_alto,3,4+,pequeno,alta,aceptable
medio,muy_alto,3,4+,mediano,baja,inaceptable
medio,muy_alto,3,4+,mediano,media,aceptable
medio,muy_alto,3,4+,mediano,alta,aceptable
medio,muy_alto,3,4+,grande,baja,inaceptable
medio,muy_alto,3,4+,grande,media,aceptable
medio,muy_alto,3,4+,grande,alta,aceptable
medio,muy_alto,4,2,pequeno,baja,inaceptable
medio,muy_alto,4,2,pequeno,media,inaceptable
medio,muy_alto,4,2,pequeno,alta,inaceptable
medio,muy_alto,4,2,mediano,baja,inaceptable
medio,muy_alto,4,2,mediano,media,inaceptable
medio,muy_alto,4,2,mediano,alta,inaceptable
medio,muy_alto,4,2,grande,baja,inaceptable
medio,muy_alto,4,2,grande,media,inaceptable
medio,muy_alto,4,2,grande,alta,inaceptable
medio,muy_alto,4,4,pequeno,baja,inaceptable
medio,muy_alto,4,4,pequeno,media,inaceptable
medio,muy_alto,4,4,pequeno,alta,aceptable
medio,muy_alto,4,4,mediano,baja,inaceptable
medio,muy_alto,4,4,mediano,media,aceptable
medio,muy_alto,4,4,mediano,alta,aceptable
medio,muy_alto,4,4,grande,baja,inaceptable
medio,muy_alto,4,4,grande,media,aceptable
medio,muy_alto,4,4,grande,alta,aceptable
medio,muy_alto,4,4+,pequeno,baja,inaceptable
medio,muy_alto,4,4+,pequeno,media,inaceptable
medio,muy_alto,4,4+,pequeno,alta,aceptable
medio,muy_alto,4,4+,mediano,baja,inaceptable
medio,muy_alto,4,4+,mediano,media,aceptable
medio,muy_alto,4,4+,mediano,alta,aceptable
medio,muy_alto,4,4+,grande,baja,inaceptable
medio,muy_alto,4,4+,grande,media,aceptable
medio,muy_alto,4,4+,grande,alta,aceptable
medio,muy_alto,5+,2,pequeno,baja,inaceptable
medio,muy_alto,5+,2,pequeno,media,inaceptable
medio,muy_alto,5+,2,pequeno,alta,inaceptable
medio,muy_alto,5+,2,mediano,baja,inaceptable
medio,muy_alto,5+,2,mediano,media,inaceptable
medio,muy_alto,5+,2,mediano,alta,inaceptable
medio,muy_alto,5+,2,grande,baja,inaceptable
medio,muy_alto,5+,2,grande,media,inaceptable
medio,muy_alto,5+,2,grande,alta,inaceptable
medio,muy_alto,5+,4,pequeno,baja,inaceptable
medio,muy_alto,5+,4,pequeno,media,inaceptable
medio,muy_alto,5+,4,pequeno,alta,aceptable
medio,muy_alto,5+,4,mediano,baja,inaceptable
medio,muy_alto,5+,4,mediano,media,aceptable
medio,muy_alto,5+,4,mediano,alta,aceptable
medio,muy_alto,5+,4,grande,baja,inaceptable
medio,muy_alto,5+,4,grande,media,aceptable
medio,muy_alto,5+,4,grande,alta,aceptable
medio,muy_alto,5+,4+,pequeno,baja,inaceptable
medio,muy_alto,5+,4+,pequeno,media,inaceptable
medio,muy_alto,5+,4+,pequeno,alta,aceptable
medio,muy_alto,5+,4+,mediano,baja,inaceptable
medio,muy_alto,5+,4+,mediano,media,aceptable
medio,muy_alto,5+,4+,mediano,alta,aceptable
medio,muy_alto,5+,4+,grande,baja,inaceptable
medio,muy_alto,5+,4+,grande,media,aceptable
medio,muy_alto,5+,4+,grande,alta,aceptable
medio,alto,2,2,pequeno,baja,inaceptable
medio,alto,2,2,pequeno,media,inaceptable
medio,alto,2,2,pequeno,alta,inaceptable
medio,alto,2,2,mediano,baja,inaceptable
medio,alto,2,2,mediano,media,inaceptable
medio,alto,2,2,mediano,alta,inaceptable
medio,alto,2,2,grande,baja,inaceptable
medio,alto,2,2,grande,media,inaceptable
medio,alto,2,2,grande,alta,inaceptable
medio,alto,2,4,pequeno,baja,inaceptable
medio,alto,2,4,pequeno,media,inaceptable
medio,alto,2,4,pequeno,alta,aceptable
medio,alto,2,4,mediano,baja,inaceptable
medio,alto,2,4,mediano,media,inaceptable
medio,alto,2,4,mediano,alta,aceptable
medio,alto,2,4,grande,baja,inaceptable
medio,alto,2,4,grande,media,aceptable
medio,alto,2,4,grande,alta,aceptable
medio,alto,2,4+,pequeno,baja,inaceptable
medio,alto,2,4+,pequeno,media,inaceptable
medio,alto,2,4+,pequeno,alta,inaceptable
medio,alto,2,4+,mediano,baja,inaceptable
medio,alto,2,4+,mediano,media,inaceptable
medio,alto,2,4+,mediano,alta,aceptable
medio,alto,2,4+,grande,baja,inaceptable
medio,alto,2,4+,grande,media,aceptable
medio,alto,2,4+,grande,alta,aceptable
medio,alto,3,2,pequeno,baja,inaceptable
medio,alto,3,2,pequeno,media,inaceptable
medio,alto,3,2,pequeno,alta,inaceptable
medio,alto,3,2,mediano,baja,inaceptable
medio,alto,3,2,mediano,media,inaceptable
medio,alto,3,2,mediano,alta,inaceptable
medio,alto,3,2,grande,baja,inaceptable
medio,alto,3,2,grande,media,inaceptable
medio,alto,3,2,grande,alta,inaceptable
medio,alto,3,4,pequeno,baja,inaceptable
medio,alto,3,4,pequeno,media,inaceptable
medio,alto,3,4,pequeno,alta,aceptable
medio,alto,3,4,mediano,baja,inaceptable
medio,alto,3,4,mediano,media,inaceptable
medio,alto,3,4,mediano,alta,aceptable
medio,alto,3,4,grande,baja,inaceptable
medio,alto,3,4,grande,media,aceptable
medio,alto,3,4,grande,alta,aceptable
medio,alto,3,4+,pequeno,baja,inaceptable
medio,alto,3,4+,pequeno,media,inaceptable
medio,alto,3,4+,pequeno,alta,aceptable
medio,alto,3,4+,mediano,baja,inaceptable
medio,alto,3,4+,mediano,media,aceptable
medio,alto,3,4+,mediano,alta,aceptable
medio,alto,3,4+,grande,baja,inaceptable
medio,alto,3,4+,grande,media,aceptable
medio,alto,3,4+,grande,alta,aceptable
medio,alto,4,2,pequeno,baja,inaceptable
medio,alto,4,2,pequeno,media,inaceptable
medio,alto,4,2,pequeno,alta,inaceptable
medio,alto,4,2,mediano,baja,inaceptable
medio,alto,4,2,mediano,media,inaceptable
medio,alto,4,2,mediano,alta,inaceptable
medio,alto,4,2,grande,baja,inaceptable
medio,alto,4,2,grande,media,inaceptable
medio,alto,4,2,grande,alta,inaceptable
medio,alto,4,4,pequeno,baja,inaceptable
medio,alto,4,4,pequeno,media,inaceptable
medio,alto,4,4,pequeno,alta,aceptable
medio,alto,4,4,mediano,baja,inaceptable
medio,alto,4,4,mediano,media,aceptable
medio,alto,4,4,mediano,alta,aceptable
medio,alto,4,4,grande,baja,inaceptable
medio,alto,4,4,grande,media,aceptable
medio,alto,4,4,grande,alta,aceptable
medio,alto,4,4+,pequeno,baja,inaceptable
medio,alto,4,4+,pequeno,media,inaceptable
medio,alto,4,4+,pequeno,alta,aceptable
medio,alto,4,4+,mediano,baja,inaceptable
medio,alto,4,4+,mediano,media,aceptable
medio,alto,4,4+,mediano,alta,aceptable
medio,alto,4,4+,grande,baja,inaceptable
medio,alto,4,4+,grande,media,aceptable
medio,alto,4,4+,grande,alta,aceptable
medio,alto,5+,2,pequeno,baja,inaceptable
medio,alto,5+,2,pequeno,media,inaceptable
medio,alto,5+,2,pequeno,alta,inaceptable
medio,alto,5+,2,mediano,baja,inaceptable
medio,alto,5+,2,mediano,media,inaceptable
medio,alto,5+,2,mediano,alta,inaceptable
medio,alto,5+,2,grande,baja,inaceptable
medio,alto,5+,2,grande,media,inaceptable
medio,alto,5+,2,grande,alta,inaceptable
medio,alto,5+,4,pequeno,baja,inaceptable
medio,alto,5+,4,pequeno,media,inaceptable
medio,alto,5+,4,pequeno,alta,aceptable
medio,alto,5+,4,mediano,baja,inaceptable
medio,alto,5+,4,mediano,media,aceptable
medio,alto,5+,4,mediano,alta,aceptable
medio,alto,5+,4,grande,baja,inaceptable
medio,alto,5+,4,grande,media,aceptable
medio,alto,5+,4,grande,alta,aceptable
medio,alto,5+,4+,pequeno,baja,inaceptable
medio,alto,5+,4+,pequeno,media,inaceptable
medio,alto,5+,4+,pequeno,alta,aceptable
medio,alto,5+,4+,mediano,baja,inaceptable
medio,alto,5+,4+,mediano,media,aceptable
medio,alto,5+,4+,mediano,alta,aceptable
medio,alto,5+,4+,grande,baja,inaceptable
medio,alto,5+,4+,grande,media,aceptable
medio,alto,5+,4+,grande,alta,aceptable
medio,medio,2,2,pequeno,baja,inaceptable
medio,medio,2,2,pequeno,media,inaceptable
medio,medio,2,2,pequeno,alta,inaceptable
medio,medio,2,2,mediano,baja,inaceptable
medio,medio,2,2,mediano,media,inaceptable
medio,medio,2,2,mediano,alta,inaceptable
medio,medio,2,2,grande,baja,inaceptable
medio,medio,2,2,grande,media,inaceptable
medio,medio,2,2,grande,alta,inaceptable
medio,medio,2,4,pequeno,baja,inaceptable
medio,medio,2,4,pequeno,media,aceptable
medio,medio,2,4,pequeno,alta,aceptable
medio,medio,2,4,mediano,baja,inaceptable
medio,medio,2,4,mediano,media,aceptable
medio,medio,2,4,mediano,alta,aceptable
medio,medio,2,4,grande,baja,inaceptable
medio,medio,2,4,grande,media,aceptable
medio,medio,2,4,grande,alta,muy_bueno
medio,medio,2,4+,pequeno,baja,inaceptable
medio,medio,2,4+,pequeno,media,inaceptable
medio,medio,2,4+,pequeno,alta,inaceptable
medio,medio,2,4+,mediano,baja,inaceptable
medio,medio,2,4+,mediano,media,aceptable
medio,medio,2,4+,mediano,alta,aceptable
medio,medio,2,4+,grande,baja,inaceptable
medio,medio,2,4+,grande,media,aceptable
medio,medio,2,4+,grande,alta,muy_bueno
medio,medio,3,2,pequeno,baja,inaceptable
medio,medio,3,2,pequeno,media,inaceptable
medio,medio,3,2,pequeno,alta,inaceptable
medio,medio,3,2,mediano,baja,inaceptable
medio,medio,3,2,mediano,media,inaceptable
medio,medio,3,2,mediano,alta,inaceptable
medio,medio,3,2,grande,baja,inaceptable
medio,medio,3,2,grande,media,inaceptable
medio,medio,3,2,grande,alta,inaceptable
medio,medio,3,4,pequeno,baja,inaceptable
medio,medio,3,4,pequeno,media,aceptable
medio,medio,3,4,pequeno,alta,aceptable
medio,medio,3,4,mediano,baja,inaceptable
medio,medio,3,4,mediano,media,aceptable
medio,medio,3,4,mediano,alta,aceptable
medio,medio,3,4,grande,baja,inaceptable
medio,medio,3,4,grande,media,aceptable
medio,medio,3,4,grande,alta,muy_bueno
medio,medio,3,4+,pequeno,baja,inaceptable
medio,medio,3,4+,pequeno,media,aceptable
medio,medio,3,4+,pequeno,alta,aceptable
medio,medio,3,4+,mediano,baja,inaceptable
medio,medio,3,4+,mediano,media,aceptable
medio,medio,3,4+,mediano,alta,muy_bueno
medio,medio,3,4+,grande,baja,inaceptable
medio,medio,3,4+,grande,media,aceptable
medio,medio,3,4+,grande,alta,muy_bueno
medio,medio,4,2,pequeno,baja,inaceptable
medio,medio,4,2,pequeno,media,inaceptable
medio,medio,4,2,pequeno,alta,inaceptable
medio,medio,4,2,mediano,baja,inaceptable
medio,medio,4,2,mediano,media,inaceptable
medio,medio,4,2,mediano,alta,inaceptable
medio,medio,4,2,grande,baja,inaceptable
medio,medio,4,2,grande,media,inaceptable
medio,medio,4,2,grande,alta,inaceptable
medio,medio,4,4,pequeno,baja,inaceptable
medio,medio,4,4,pequeno,media,aceptable
medio,medio,4,4,pequeno,alta,aceptable
medio,medio,4,4,mediano,baja,inaceptable
medio,medio,4,4,mediano,media,aceptable
medio,medio,4,4,mediano,alta,muy_bueno
medio,medio,4,4,grande,baja,inaceptable
medio,medio,4,4,grande,media,aceptable
medio,medio,4,4,grande,alta,muy_bueno
medio,medio,4,4+,pequeno,baja,inaceptable
medio,medio,4,4+,pequeno,media,aceptable
medio,medio,4,4+,pequeno,alta,aceptable
medio,medio,4,4+,mediano,baja,inaceptable
medio,medio,4,4+,mediano,media,aceptable
medio,medio,4,4+,mediano,alta,muy_bueno
medio,medio,4,4+,grande,baja,inaceptable
medio,medio,4,4+,grande,media,aceptable
medio,medio,4,4+,grande,alta,muy_bueno
medio,medio,5+,2,pequeno,baja,inaceptable
medio,medio,5+,2,pequeno,media,inaceptable
medio,medio,5+,2,pequeno,alta,inaceptable
medio,medio,5+,2,mediano,baja,inaceptable
medio,medio,5+,2,mediano,media,inaceptable
medio,medio,5+,2,mediano,alta,inaceptable
medio,medio,5+,2,grande,baja,inaceptable
medio,medio,5+,2,grande,media,inaceptable
medio,medio,5+,2,grande,alta,inaceptable
medio,medio,5+,4,pequeno,baja,inaceptable
medio,medio,5+,4,pequeno,media,aceptable
medio,medio,5+,4,pequeno,alta,aceptable
medio,medio,5+,4,mediano,baja,inaceptable
medio,medio,5+,4,mediano,media,aceptable
medio,medio,5+,4,mediano,alta,muy_bueno
medio,medio,5+,4,grande,baja,inaceptable
medio,medio,5+,4,grande,media,aceptable
medio,medio,5+,4,grande,alta,muy_bueno
medio,medio,5+,4+,pequeno,baja,inaceptable
medio,medio,5+,4+,pequeno,media,aceptable
medio,medio,5+,4+,pequeno,alta,aceptable
medio,medio,5+,4+,mediano,baja,inaceptable
medio,medio,5+,4+,mediano,media,aceptable
medio,medio,5+,4+,mediano,alta,muy_bueno
medio,medio,5+,4+,grande,baja,inaceptable
medio,medio,5+,4+,grande,media,aceptable
medio,medio,5+,4+,grande,alta,muy_bueno
medio,bajo,2,2,pequeno,baja,inaceptable
medio,bajo,2,2,pequeno,media,inaceptable
medio,bajo,2,2,pequeno,alta,inaceptable
medio,bajo,2,2,mediano,baja,inaceptable
medio,bajo,2,2,mediano,media,inaceptable
medio,bajo,2,2,mediano,alta,inaceptable
medio,bajo,2,2,grande,baja,inaceptable
medio,bajo,2,2,grande,media,inaceptable
medio,bajo,2,2,grande,alta,inaceptable
medio,bajo,2,4,pequeno,baja,inaceptable
medio,bajo,2,4,pequeno,media,aceptable
medio,bajo,2,4,pequeno,alta,bueno
medio,bajo,2,4,mediano,baja,inaceptable
medio,bajo,2,4,mediano,media,aceptable
medio,bajo,2,4,mediano,alta,bueno
medio,bajo,2,4,grande,baja,inaceptable
medio,bajo,2,4,grande,media,bueno
medio,bajo,2,4,grande,alta,muy_bueno
medio,bajo,2,4+,pequeno,baja,inaceptable
medio,bajo,2,4+,pequeno,media,inaceptable
medio,bajo,2,4+,pequeno,alta,inaceptable
medio,bajo,2,4+,mediano,baja,inaceptable
medio,bajo,2,4+,mediano,media,aceptable
medio,bajo,2,4+,mediano,alta,bueno
medio,bajo,2,4+,grande,baja,inaceptable
medio,bajo,2,4+,grande,media,bueno
medio,bajo,2,4+,grande,alta,muy_bueno
medio,bajo,3,2,pequeno,baja,inaceptable
medio,bajo,3,2,pequeno,media,inaceptable
medio,bajo,3,2,pequeno,alta,inaceptable
medio,bajo,3,2,mediano,baja,inaceptable
medio,bajo,3,2,mediano,media,inaceptable
medio,bajo,3,2,mediano,alta,inaceptable
medio,bajo,3,2,grande,baja,inaceptable
medio,bajo,3,2,grande,media,inaceptable
medio,bajo,3,2,grande,alta,inaceptable
medio,bajo,3,4,pequeno,baja,inaceptable
medio,bajo,3,4,pequeno,media,aceptable
medio,bajo,3,4,pequeno,alta,bueno
medio,bajo,3,4,mediano,baja,inaceptable
medio,bajo,3,4,mediano,media,aceptable
medio,bajo,3,4,mediano,alta,bueno
medio,bajo,3,4,grande,baja,inaceptable
medio,bajo,3,4,grande,media,bueno
medio,bajo,3,4,grande,alta,muy_bueno
medio,bajo,3,4+,pequeno,baja,inaceptable
medio,bajo,3,4+,pequeno,media,aceptable
medio,bajo,3,4+,pequeno,alta,bueno
medio,bajo,3,4+,mediano,baja,inaceptable
medio,bajo,3,4+,mediano,media,bueno
medio,bajo,3,4+,mediano,alta,muy_bueno
medio,bajo,3,4+,grande,baja,inaceptable
medio,bajo,3,4+,grande,media,bueno
medio,bajo,3,4+,grande,alta,muy_bueno
medio,bajo,4,2,pequeno,baja,inaceptable
medio,bajo,4,2,pequeno,media,inaceptable
medio,bajo,4,2,pequeno,alta,inaceptable
medio,bajo,4,2,mediano,baja,inaceptable
medio,bajo,4,2,mediano,media,inaceptable
medio,bajo,4,2,mediano,alta,inaceptable
medio,bajo,4,2,grande,baja,inaceptable
medio,bajo,4,2,grande,media,inaceptable
medio,bajo,4,2,grande,alta,inaceptable
medio,bajo,4,4,pequeno,baja,inaceptable
medio,bajo,4,4,pequeno,media,aceptable
medio,bajo,4,4,pequeno,alta,bueno
medio,bajo,4,4,mediano,baja,inaceptable
medio,bajo,4,4,mediano,media,bueno
medio,bajo,4,4,mediano,alta,muy_bueno
medio,bajo,4,4,grande,baja,inaceptable
medio,bajo,4,4,grande,media,bueno
medio,bajo,4,4,grande,alta,muy_bueno
medio,bajo,4,4+,pequeno,baja,inaceptable
medio,bajo,4,4+,pequeno,media,aceptable
medio,bajo,4,4+,pequeno,alta,bueno
medio,bajo,4,4+,mediano,baja,inaceptable
medio,bajo,4,4+,mediano,media,bueno
medio,bajo,4,4+,mediano,alta,muy_bueno
medio,bajo,4,4+,grande,baja,inaceptable
medio,bajo,4,4+,grande,media,bueno
medio,bajo,4,4+,grande,alta,muy_bueno
medio,bajo,5+,2,pequeno,baja,inaceptable
medio,bajo,5+,2,pequeno,media,inaceptable
medio,bajo,5+,2,pequeno,alta,inaceptable
medio,bajo,5+,2,mediano,baja,inaceptable
medio,bajo,5+,2,mediano,media,inaceptable
medio,bajo,5+,2,mediano,alta,inaceptable
medio,bajo,5+,2,grande,baja,inaceptable
medio,bajo,5+,2,grande,media,inaceptable
medio,bajo,5+,2,grande,alta,inaceptable
medio,bajo,5+,4,pequeno,baja,inaceptable
medio,bajo,5+,4,pequeno,media,aceptable
medio,bajo,5+,4,pequeno,alta,bueno
medio,bajo,5+,4,mediano,baja,inaceptable
medio,bajo,5+,4,mediano,media,bueno
medio,bajo,5+,4,mediano,alta,muy_bueno
medio,bajo,5+,4,grande,baja,inaceptable
medio,bajo,5+,4,grande,media,bueno
medio,bajo,5+,4,grande,alta,muy_bueno
medio,bajo,5+,4+,pequeno,baja,inaceptable
medio,bajo,5+,4+,pequeno,media,aceptable
medio,bajo,5+,4+,pequeno,alta,bueno
medio,bajo,5+,4+,mediano,baja,inaceptable
medio,bajo,5+,4+,mediano,media,bueno
medio,bajo,5+,4+,mediano,alta,muy_bueno
medio,bajo,5+,4+,grande,baja,inaceptable
medio,bajo,5+,4+,grande,media,bueno
medio,bajo,5+,4+,grande,alta,muy_bueno
bajo,muy_alto,2,2,pequeno,baja,inaceptable
bajo,muy_alto,2,2,pequeno,media,inaceptable
bajo,muy_alto,2,2,pequeno,alta,inaceptable
bajo,muy_alto,2,2,mediano,baja,inaceptable
bajo,muy_alto,2,2,mediano,media,inaceptable
bajo,muy_alto,2,2,mediano,alta,inaceptable
bajo,muy_alto,2,2,grande,baja,inaceptable
bajo,muy_alto,2,2,grande,media,inaceptable
bajo,muy_alto,2,2,grande,alta,inaceptable
bajo,muy_alto,2,4,pequeno,baja,inaceptable
bajo,muy_alto,2,4,pequeno,media,inaceptable
bajo,muy_alto,2,4,pequeno,alta,aceptable
bajo,muy_alto,2,4,mediano,baja,inaceptable
bajo,muy_alto,2,4,mediano,media,inaceptable
bajo,muy_alto,2,4,mediano,alta,aceptable
bajo,muy_alto,2,4,grande,baja,inaceptable
bajo,muy_alto,2,4,grande,media,aceptable
bajo,muy_alto,2,4,grande,alta,aceptable
bajo,muy_alto,2,4+,pequeno,baja,inaceptable
bajo,muy_alto,2,4+,pequeno,media,inaceptable
bajo,muy_alto,2,4+,pequeno,alta,inaceptable
bajo,muy_alto,2,4+,mediano,baja,inaceptable
bajo,muy_alto,2,4+,mediano,media,inaceptable
bajo,muy_alto,2,4+,mediano,alta,aceptable
bajo,muy_alto,2,4+,grande,baja,inaceptable
bajo,muy_alto,2,4+,grande,media,aceptable
bajo,muy_alto,2,4+,grande,alta,aceptable
bajo,muy_alto,3,2,pequeno,baja,inaceptable
bajo,muy_alto,3,2,pequeno,media,inaceptable
bajo,muy_alto,3,2,pequeno,alta,inaceptable
bajo,muy_alto,3,2,mediano,baja,inaceptable
bajo,muy_alto,3,2,mediano,media,inaceptable
bajo,muy_alto,3,2,mediano,alta,inaceptable
bajo,muy_alto,3,2,grande,baja,inaceptable
bajo,muy_alto,3,2,grande,media,inaceptable
bajo,muy_alto,3,2,grande,alta,inaceptable
bajo,muy_alto,3,4,pequeno,baja,inaceptable
bajo,muy_alto,3,4,pequeno,media,inaceptable
bajo,muy_alto,3,4,pequeno,alta,aceptable
bajo,muy_alto,3,4,mediano,baja,inaceptable
bajo,muy_alto,3,4,mediano,media,inaceptable
bajo,muy_alto,3,4,mediano,alta,aceptable
bajo,muy_alto,3,4,grande,baja,inaceptable
bajo,muy_alto,3,4,grande,media,aceptable
bajo,muy_alto,3,4,grande,alta,aceptable
bajo,muy_alto,3,4+,pequeno,baja,inaceptable
bajo,muy_alto,3,4+,pequeno,media,inaceptable
bajo,muy_alto,3,4+,pequeno,alta,aceptable
bajo,muy_alto,3,4+,mediano,baja,inaceptable
bajo,muy_alto,3,4+,mediano,media,aceptable
bajo,muy_alto,3,4+,mediano,alta,aceptable
bajo,muy_alto,3,4+,grande,baja,inaceptable
bajo,muy_alto,3,4+,grande,media,aceptable
bajo,muy_alto,3,4+,grande,alta,aceptable
bajo,muy_alto,4,2,pequeno,baja,inaceptable
bajo,muy_alto,4,2,pequeno,media,inaceptable
bajo,muy_alto,4,2,pequeno,alta,inaceptable
bajo,muy_alto,4,2,mediano,baja,inaceptable
bajo,muy_alto,4,2,mediano,media,inaceptable
bajo,muy_alto,4,2,mediano,alta,inaceptable
bajo,muy_alto,4,2,grande,baja,inaceptable
bajo,muy_alto,4,2,grande,media,inaceptable
bajo,muy_alto,4,2,grande,alta,inaceptable
bajo,muy_alto,4,4,pequeno,baja,inaceptable
bajo,muy_alto,4,4,pequeno,media,inaceptable
bajo,muy_alto,4,4,pequeno,alta,aceptable
bajo,muy_alto,4,4,mediano,baja,inaceptable
bajo,muy_alto,4,4,mediano,media,aceptable
bajo,muy_alto,4,4,mediano,alta,aceptable
bajo,muy_alto,4,4,grande,baja,inaceptable
bajo,muy_alto,4,4,grande,media,aceptable
bajo,muy_alto,4,4,grande,alta,aceptable
bajo,muy_alto,4,4+,pequeno,baja,inaceptable
bajo,muy_alto,4,4+,pequeno,media,inaceptable
bajo,muy_alto,4,4+,pequeno,alta,aceptable
bajo,muy_alto,4,4+,mediano,baja,inaceptable
bajo,muy_alto,4,4+,mediano,media,aceptable
bajo,muy_alto,4,4+,mediano,alta,aceptable
bajo,muy_alto,4,4+,grande,baja,inaceptable
bajo,muy_alto,4,4+,grande,media,aceptable
bajo,muy_alto,4,4+,grande,alta,aceptable
bajo,muy_alto,5+,2,pequeno,baja,inaceptable
bajo,muy_alto,5+,2,pequeno,media,inaceptable
bajo,muy_alto,5+,2,pequeno,alta,inaceptable
bajo,muy_alto,5+,2,mediano,baja,inaceptable
bajo,muy_alto,5+,2,mediano,media,inaceptable
bajo,muy_alto,5+,2,mediano,alta,inaceptable
bajo,muy_alto,5+,2,grande,baja,inaceptable
bajo,muy_alto,5+,2,grande,media,inaceptable
bajo,muy_alto,5+,2,grande,alta,inaceptable
bajo,muy_alto,5+,4,pequeno,baja,inaceptable
bajo,muy_alto,5+,4,pequeno,media,inaceptable
bajo,muy_alto,5+,4,pequeno,alta,aceptable
bajo,muy_alto,5+,4,mediano,baja,inaceptable
bajo,muy_alto,5+,4,mediano,media,aceptable
bajo,muy_alto,5+,4,mediano,alta,aceptable
bajo,muy_alto,5+,4,grande,baja,inaceptable
bajo,muy_alto,5+,4,grande,media,aceptable
bajo,muy_alto,5+,4,grande,alta,aceptable
bajo,muy_alto,5+,4+,pequeno,baja,inaceptable
bajo,muy_alto,5+,4+,pequeno,media,inaceptable
bajo,muy_alto,5+,4+,pequeno,alta,aceptable
bajo,muy_alto,5+,4+,mediano,baja,inaceptable
bajo,muy_alto,5+,4+,mediano,media,aceptable
bajo,muy_alto,5+,4+,mediano,alta,aceptable
bajo,muy_alto,5+,4+,grande,baja,inaceptable
bajo,muy_alto,5+,4+,grande,media,aceptable
bajo,muy_alto,5+,4+,grande,alta,aceptable
bajo,alto,2,2,pequeno,baja,inaceptable
bajo,alto,2,2,pequeno,media,inaceptable
bajo,alto,2,2,pequeno,alta,inaceptable
bajo,alto,2,2,mediano,baja,inaceptable
bajo,alto,2,2,mediano,media,inaceptable
bajo,alto,2,2,mediano,alta,inaceptable
bajo,alto,2,2,grande,baja,inaceptable
bajo,alto,2,2,grande,media,inaceptable
bajo,alto,2,2,grande,alta,inaceptable
bajo,alto,2,4,pequeno,baja,inaceptable
bajo,alto,2,4,pequeno,media,aceptable
bajo,alto,2,4,pequeno,alta,aceptable
bajo,alto,2,4,mediano,baja,inaceptable
bajo,alto,2,4,mediano,media,aceptable
bajo,alto,2,4,mediano,alta,aceptable
bajo,alto,2,4,grande,baja,inaceptable
bajo,alto,2,4,grande,media,aceptable
bajo,alto,2,4,grande,alta,muy_bueno
bajo,alto,2,4+,pequeno,baja,inaceptable
bajo,alto,2,4+,pequeno,media,inaceptable
bajo,alto,2,4+,pequeno,alta,inaceptable
bajo,alto,2,4+,mediano,baja,inaceptable
bajo,alto,2,4+,mediano,media,aceptable
bajo,alto,2,4+,mediano,alta,aceptable
bajo,alto,2,4+,grande,baja,inaceptable
bajo,alto,2,4+,grande,media,aceptable
bajo,alto,2,4+,grande,alta,muy_bueno
bajo,alto,3,2,pequeno,baja,inaceptable
bajo,alto,3,2,pequeno,media,inaceptable
bajo,alto,3,2,pequeno,alta,inaceptable
bajo,alto,3,2,mediano,baja,inaceptable
bajo,alto,3,2,mediano,media,inaceptable
bajo,alto,3,2,mediano,alta,inaceptable
bajo,alto,3,2,grande,baja,inaceptable
bajo,alto,3,2,grande,media,inaceptable
bajo,alto,3,2,grande,alta,inaceptable
bajo,alto,3,4,pequeno,baja,inaceptable
bajo,alto,3,4,pequeno,media,aceptable
bajo,alto,3,4,pequeno,alta,aceptable
bajo,alto,3,4,mediano,baja,inaceptable
bajo,alto,3,4,mediano,media,aceptable
bajo,alto,3,4,mediano,alta,aceptable
bajo,alto,3,4,grande,baja,inaceptable
bajo,alto,3,4,grande,media,aceptable
bajo,alto,3,4,grande,alta,muy_bueno
bajo,alto,3,4+,pequeno,baja,inaceptable
bajo,alto,3,4+,pequeno,media,aceptable
bajo,alto,3,4+,pequeno,alta,aceptable
bajo,alto,3,4+,mediano,baja,inaceptable
bajo,alto,3,4+,mediano,media,aceptable
bajo,alto,3,4+,mediano,alta,muy_bueno
bajo,alto,3,4+,grande,baja,inaceptable
bajo,alto,3,4+,grande,media,aceptable
bajo,alto,3,4+,grande,alta,muy_bueno
bajo,alto,4,2,pequeno,baja,inaceptable
bajo,alto,4,2,pequeno,media,inaceptable
bajo,alto,4,2,pequeno,alta,inaceptable
bajo,alto,4,2,mediano,baja,inaceptable
bajo,alto,4,2,mediano,media,inaceptable
bajo,alto,4,2,mediano,alta,inaceptable
bajo,alto,4,2,grande,baja,inaceptable
bajo,alto,4,2,grande,media,inaceptable
bajo,alto,4,2,grande,alta,inaceptable
bajo,alto,4,4,pequeno,baja,inaceptable
bajo,alto,4,4,pequeno,media,aceptable
bajo,alto,4,4,pequeno,alta,aceptable
bajo,alto,4,4,mediano,baja,inaceptable
bajo,alto,4,4,mediano,media,aceptable
bajo,alto,4,4,mediano,alta,muy_bueno
bajo,alto,4,4,grande,baja,inaceptable
bajo,alto,4,4,grande,media,aceptable
bajo,alto,4,4,grande,alta,muy_bueno
bajo,alto,4,4+,pequeno,baja,inaceptable
bajo,alto,4,4+,pequeno,media,aceptable
bajo,alto,4,4+,pequeno,alta,aceptable
bajo,alto,4,4+,mediano,baja,inaceptable
bajo,alto,4,4+,mediano,media,aceptable
bajo,alto,4,4+,mediano,alta,muy_bueno
bajo,alto,4,4+,grande,baja,inaceptable
bajo,alto,4,4+,grande,media,aceptable
bajo,alto,4,4+,grande,alta,muy_bueno
bajo,alto,5+,2,pequeno,baja,inaceptable
bajo,alto,5+,2,pequeno,media,inaceptable
bajo,alto,5+,2,pequeno,alta,inaceptable
bajo,alto,5+,2,mediano,baja,inaceptable
bajo,alto,5+,2,mediano,media,inaceptable
bajo,alto,5+,2,mediano,alta,inaceptable
bajo,alto,5+,2,grande,baja,inaceptable
bajo,alto,5+,2,grande,media,inaceptable
bajo,alto,5+,2,grande,alta,inaceptable
bajo,alto,5+,4,pequeno,baja,inaceptable
bajo,alto,5+,4,pequeno,media,aceptable
bajo,alto,5+,4,pequeno,alta,aceptable
bajo,alto,5+,4,mediano,baja,inaceptable
bajo,alto,5+,4,mediano,media,aceptable
bajo,alto,5+,4,mediano,alta,muy_bueno
bajo,alto,5+,4,grande,baja,inaceptable
bajo,alto,5+,4,grande,media,aceptable
bajo,alto,5+,4,grande,alta,muy_bueno
bajo,alto,5+,4+,pequeno,baja,inaceptable
bajo,alto,5+,4+,pequeno,media,aceptable
bajo,alto,5+,4+,pequeno,alta,aceptable
bajo,alto,5+,4+,mediano,baja,inaceptable
bajo,alto,5+,4+,mediano,media,aceptable
bajo,alto,5+,4+,mediano,alta,muy_bueno
bajo,alto,5+,4+,grande,baja,inaceptable
bajo,alto,5+,4+,grande,media,aceptable
bajo,alto,5+,4+,grande,alta,muy_bueno
bajo,medio,2,2,pequeno,baja,inaceptable
bajo,medio,2,2,pequeno,media,inaceptable
bajo,medio,2,2,pequeno,alta,inaceptable
bajo,medio,2,2,mediano,baja,inaceptable
bajo,medio,2,2,mediano,media,inaceptable
bajo,medio,2,2,mediano,alta,inaceptable
bajo,medio,2,2,grande,baja,inaceptable
bajo,medio,2,2,grande,media,inaceptable
bajo,medio,2,2,grande,alta,inaceptable
bajo,medio,2,4,pequeno,baja,inaceptable
bajo,medio,2,4,pequeno,media,aceptable
bajo,medio,2,4,pequeno,alta,bueno
bajo,medio,2,4,mediano,baja,inaceptable
bajo,medio,2,4,mediano,media,aceptable
bajo,medio,2,4,mediano,alta,bueno
bajo,medio,2,4,grande,baja,inaceptable
bajo,medio,2,4,grande,media,bueno
bajo,medio,2,4,grande,alta,muy_bueno
bajo,medio,2,4+,pequeno,baja,inaceptable
bajo,medio,2,4+,pequeno,media,inaceptable
bajo,medio,2,4+,pequeno,alta,inaceptable
bajo,medio,2,4+,mediano,baja,inaceptable
bajo,medio,2,4+,mediano,media,aceptable
bajo,medio,2,4+,mediano,alta,bueno
bajo,medio,2,4+,grande,baja,inaceptable
bajo,medio,2,4+,grande,media,bueno
bajo,medio,2,4+,grande,alta,muy_bueno
bajo,medio,3,2,pequeno,baja,inaceptable
bajo,medio,3,2,pequeno,media,inaceptable
bajo,medio,3,2,pequeno,alta,inaceptable
bajo,medio,3,2,mediano,baja,inaceptable
bajo,medio,3,2,mediano,media,inaceptable
bajo,medio,3,2,mediano,alta,inaceptable
bajo,medio,3,2,grande,baja,inaceptable
bajo,medio,3,2,grande,media,inaceptable
bajo,medio,3,2,grande,alta,inaceptable
bajo,medio,3,4,pequeno,baja,inaceptable
bajo,medio,3,4,pequeno,media,aceptable
bajo,medio,3,4,pequeno,alta,bueno
bajo,medio,3,4,mediano,baja,inaceptable
bajo,medio,3,4,mediano,media,aceptable
bajo,medio,3,4,mediano,alta,bueno
bajo,medio,3,4,grande,baja,inaceptable
bajo,medio,3,4,grande,media,bueno
bajo,medio,3,4,grande,alta,muy_bueno
bajo,medio,3,4+,pequeno,baja,inaceptable
bajo,medio,3,4+,pequeno,media,aceptable
bajo,medio,3,4+,pequeno,alta,bueno
bajo,medio,3,4+,mediano,baja,inaceptable
bajo,medio,3,4+,mediano,media,bueno
bajo,medio,3,4+,mediano,alta,muy_bueno
bajo,medio,3,4+,grande,baja,inaceptable
bajo,medio,3,4+,grande,media,bueno
bajo,medio,3,4+,grande,alta,muy_bueno
bajo,medio,4,2,pequeno,baja,inaceptable
bajo,medio,4,2,pequeno,media,inaceptable
bajo,medio,4,2,pequeno,alta,inaceptable
bajo,medio,4,2,mediano,baja,inaceptable
bajo,medio,4,2,mediano,media,inaceptable
bajo,medio,4,2,mediano,alta,inaceptable
bajo,medio,4,2,grande,baja,inaceptable
bajo,medio,4,2,grande,media,inaceptable
bajo,medio,4,2,grande,alta,inaceptable
bajo,medio,4,4,pequeno,baja,inaceptable
bajo,medio,4,4,pequeno,media,aceptable
bajo,medio,4,4,pequeno,alta,bueno
bajo,medio,4,4,mediano,baja,inaceptable
bajo,medio,4,4,mediano,media,bueno
bajo,medio,4,4,mediano,alta,muy_bueno
bajo,medio,4,4,grande,baja,inaceptable
bajo,medio,4,4,grande,media,bueno
bajo,medio,4,4,grande,alta,muy_bueno
bajo,medio,4,4+,pequeno,baja,inaceptable
bajo,medio,4,4+,pequeno,media,aceptable
bajo,medio,4,4+,pequeno,alta,bueno
bajo,medio,4,4+,mediano,baja,inaceptable
bajo,medio,4,4+,mediano,media,bueno
bajo,medio,4,4+,mediano,alta,muy_bueno
bajo,medio,4,4+,grande,baja,inaceptable
bajo,medio,4,4+,grande,media,bueno
bajo,medio,4,4+,grande,alta,muy_bueno
bajo,medio,5+,2,pequeno,baja,inaceptable
bajo,medio,5+,2,pequeno,media,inaceptable
bajo,medio,5+,2,pequeno,alta,inaceptable
bajo,medio,5+,2,mediano,baja,inaceptable
bajo,medio,5+,2,mediano,media,inaceptable
bajo,medio,5+,2,mediano,alta,inaceptable
bajo,medio,5+,2,grande,baja,inaceptable
bajo,medio,5+,2,grande,media,inaceptable
bajo,medio,5+,2,grande,alta,inaceptable
bajo,medio,5+,4,pequeno,baja,inaceptable
bajo,medio,5+,4,pequeno,media,aceptable
bajo,medio,5+,4,pequeno,alta,bueno
bajo,medio,5+,4,mediano,baja,inaceptable
bajo,medio,5+,4,mediano,media,bueno
bajo,medio,5+,4,mediano,alta,muy_bueno
bajo,medio,5+,4,grande,baja,inaceptable
bajo,medio,5+,4,grande,media,bueno
bajo,medio,5+,4,grande,alta,muy_bueno
bajo,medio,5+,4+,pequeno,baja,inaceptable
bajo,medio,5+,4+,pequeno,media,aceptable
bajo,medio,5+,4+,pequeno,alta,bueno
bajo,medio,5+,4+,mediano,baja,inaceptable
bajo,medio,5+,4+,mediano,media,bueno
bajo,medio,5+,4+,mediano,alta,muy_bueno
bajo,medio,5+,4+,grande,baja,inaceptable
bajo,medio,5+,4+,grande,media,bueno
bajo,medio,5+,4+,grande,alta,muy_bueno
bajo,bajo,2,2,pequeno,baja,inaceptable
bajo,bajo,2,2,pequeno,media,inaceptable
bajo,bajo,2,2,pequeno,alta,inaceptable
bajo,bajo,2,2,mediano,baja,inaceptable
bajo,bajo,2,2,mediano,media,inaceptable
bajo,bajo,2,2,mediano,alta,inaceptable
bajo,bajo,2,2,grande,baja,inaceptable
bajo,bajo,2,2,grande,media,inaceptable
bajo,bajo,2,2,grande,alta,inaceptable
bajo,bajo,2,4,pequeno,baja,inaceptable
bajo,bajo,2,4,pequeno,media,aceptable
bajo,bajo,2,4,pequeno,alta,bueno
bajo,bajo,2,4,mediano,baja,inaceptable
bajo,bajo,2,4,mediano,media,aceptable
bajo,bajo,2,4,mediano,alta,bueno
bajo,bajo,2,4,grande,baja,inaceptable
bajo,bajo,2,4,grande,media,bueno
bajo,bajo,2,4,grande,alta,muy_bueno
bajo,bajo,2,4+,pequeno,baja,inaceptable
bajo,bajo,2,4+,pequeno,media,inaceptable
bajo,bajo,2,4+,pequeno,alta,inaceptable
bajo,bajo,2,4+,mediano,baja,inaceptable
bajo,bajo,2,4+,mediano,media,aceptable
bajo,bajo,2,4+,mediano,alta,bueno
bajo,bajo,2,4+,grande,baja,inaceptable
bajo,bajo,2,4+,grande,media,bueno
bajo,bajo,2,4+,grande,alta,muy_bueno
bajo,bajo,3,2,pequeno,baja,inaceptable
bajo,bajo,3,2,pequeno,media,inaceptable
bajo,bajo,3,2,pequeno,alta,inaceptable
bajo,bajo,3,2,mediano,baja,inaceptable
bajo,bajo,3,2,mediano,media,inaceptable
bajo,bajo,3,2,mediano,alta,inaceptable
bajo,bajo,3,2,grande,baja,inaceptable
bajo,bajo,3,2,grande,media,inaceptable
bajo,bajo,3,2,grande,alta,inaceptable
bajo,bajo,3,4,pequeno,baja,inaceptable
bajo,bajo,3,4,pequeno,media,aceptable
bajo,bajo,3,4,pequeno,alta,bueno
bajo,bajo,3,4,mediano,baja,inaceptable
bajo,bajo,3,4,mediano,media,aceptable
bajo,bajo,3,4,mediano,alta,bueno
bajo,bajo,3,4,grande,baja,inaceptable
bajo,bajo,3,4,grande,media,bueno
bajo,bajo,3,4,grande,alta,muy_bueno
bajo,bajo,3,4+,pequeno,baja,inaceptable
bajo,bajo,3,4+,pequeno,media,aceptable
bajo,bajo,3,4+,pequeno,alta,bueno
bajo,bajo,3,4+,mediano,baja,inaceptable
bajo,bajo,3,4+,mediano,media,bueno
bajo,bajo,3,4+,mediano,alta,muy_bueno
bajo,bajo,3,4+,grande,baja,inaceptable
bajo,bajo,3,4+,grande,media,bueno
bajo,bajo,3,4+,grande,alta,muy_bueno
bajo,bajo,4,2,pequeno,baja,inaceptable
bajo,bajo,4,2,pequeno,media,inaceptable
bajo,bajo,4,2,pequeno,alta,inaceptable
bajo,bajo,4,2,mediano,baja,inaceptable
bajo,bajo,4,2,mediano,media,inaceptable
bajo,bajo,4,2,mediano,alta,inaceptable
bajo,bajo,4,2,grande,baja,inaceptable
bajo,bajo,4,2,grande,media,inaceptable
bajo,bajo,4,2,grande,alta,inaceptable
bajo,bajo,4,4,pequeno,baja,inaceptable
bajo,bajo,4,4,pequeno,media,aceptable
bajo,bajo,4,4,pequeno,alta,bueno
bajo,bajo,4,4,mediano,baja,inaceptable
bajo,bajo,4,4,mediano,media,bueno
bajo,bajo,4,4,mediano,alta,muy_bueno
bajo,bajo,4,4,grande,baja,inaceptable
bajo,bajo,4,4,grande,media,bueno
bajo,bajo,4,4,grande,alta,muy_bueno
bajo,bajo,4,4+,pequeno,baja,inaceptable
bajo,bajo,4,4+,pequeno,media,aceptable
bajo,bajo,4,4+,pequeno,alta,bueno
bajo,bajo,4,4+,mediano,baja,inaceptable
bajo,bajo,4,4+,mediano,media,bueno
bajo,bajo,4,4+,mediano,alta,muy_bueno
bajo,bajo,4,4+,grande,baja,inaceptable
bajo,bajo,4,4+,grande,media,bueno
bajo,bajo,4,4+,grande,alta,muy_bueno
bajo,bajo,5+,2,pequeno,baja,inaceptable
bajo,bajo,5+,2,pequeno,media,inaceptable
bajo,bajo,5+,2,pequeno,alta,inaceptable
bajo,bajo,5+,2,mediano,baja,inaceptable
bajo,bajo,5+,2,mediano,media,inaceptable
bajo,bajo,5+,2,mediano,alta,inaceptable
bajo,bajo,5+,2,grande,baja,inaceptable
bajo,bajo,5+,2,grande,media,inaceptable
bajo,bajo,5+,2,grande,alta,inaceptable
bajo,bajo,5+,4,pequeno,baja,inaceptable
bajo,bajo,5+,4,pequeno,media,aceptable
bajo,bajo,5+,4,pequeno,alta,bueno
bajo,bajo,5+,4,mediano,baja,inaceptable
bajo,bajo,5+,4,mediano,media,bueno
bajo,bajo,5+,4,mediano,alta,muy_bueno
bajo,bajo,5+,4,grande,baja,inaceptable
bajo,bajo,5+,4,grande,media,bueno
bajo,bajo,5+,4,grande,alta,muy_bueno
bajo,bajo,5+,4+,pequeno,baja,inaceptable
bajo,bajo,5+,4+,pequeno,media,aceptable
bajo,bajo,5+,4+,pequeno,alta,bueno
bajo,bajo,5+,4+,mediano,baja,inaceptable
bajo,bajo,5+,4+,mediano,media,bueno
bajo,bajo,5+,4+,mediano,alta,muy_bueno
bajo,bajo,5+,4+,grande,baja,inaceptable
bajo,bajo,5+,4+,grande,media,bueno
bajo,bajo,5+,4+,grande,alta,muy_bueno
